ITE00100554,18000101,TMAX,-7.5,,,E
ITE00100554,18000101,TMIN,-14.8,,,E
GM000010962,18000101,PRCP,0,,,E
EZE00100082,18000101,TMAX,-8.6,,,E
EZE00100082,18000101,TMIN,-13.5,,,E
ITE00100554,18000102,TMAX,-6,,I,E
ITE00100554,18000102,TMIN,-12.5,,,E
GM000010962,18000102,PRCP,0,,,E
EZE00100082,18000102,TMAX,-4.4,,,E
EZE00100082,18000102,TMIN,-13,,,E
ITE00100554,18000103,TMAX,-2.3,,,E
ITE00100554,18000103,TMIN,-4.6,,I,E
GM000010962,18000103,PRCP,0.4,,,E
EZE00100082,18000103,TMAX,-1,,,E
EZE00100082,18000103,TMIN,-7.3,,,E
ITE00100554,18000104,TMAX,0,,,E
ITE00100554,18000104,TMIN,-1.3,,,E
GM000010962,18000104,PRCP,0,,,E
EZE00100082,18000104,TMAX,-5.5,,,E
EZE00100082,18000104,TMIN,-7.4,,,E
ITE00100554,18000105,TMAX,1,,,E
ITE00100554,18000105,TMIN,-0.6,,,E
GM000010962,18000105,PRCP,0,,,E
EZE00100082,18000105,TMAX,-4,,,E
EZE00100082,18000105,TMIN,-5.8,,,E
ITE00100554,18000106,TMAX,1.3,,,E
ITE00100554,18000106,TMIN,1.3,,,E
GM000010962,18000106,PRCP,0,,,E
EZE00100082,18000106,TMAX,-3.9,,,E
EZE00100082,18000106,TMIN,-5.7,,,E
ITE00100554,18000107,TMAX,3.1,,,E
ITE00100554,18000107,TMIN,1,,,E
GM000010962,18000107,PRCP,0,,,E
EZE00100082,18000107,TMAX,-3,,,E
EZE00100082,18000107,TMIN,-5,,,E
ITE00100554,18000108,TMAX,2.9,,,E
ITE00100554,18000108,TMIN,1.4,,,E
GM000010962,18000108,PRCP,0,,,E
EZE00100082,18000108,TMAX,-0.1,,,E
EZE00100082,18000108,TMIN,-3.1,,,E
ITE00100554,18000109,TMAX,3.5,,,E
ITE00100554,18000109,TMIN,2.3,,,E
GM000010962,18000109,PRCP,0,,,E
EZE00100082,18000109,TMAX,0.5,,,E
EZE00100082,18000109,TMIN,-4.6,,,E
ITE00100554,18000110,TMAX,4.6,,,E
ITE00100554,18000110,TMIN,3.1,,,E
GM000010962,18000110,PRCP,0,,,E
EZE00100082,18000110,TMAX,-4.6,,,E
EZE00100082,18000110,TMIN,-7.5,,,E
ITE00100554,18000111,TMAX,6.6,,,E
ITE00100554,18000111,TMIN,4.1,,,E
GM000010962,18000111,PRCP,3.1,,,E
EZE00100082,18000111,TMAX,0.1,,,E
EZE00100082,18000111,TMIN,-6.2,,,E
ITE00100554,18000112,TMAX,4.1,,,E
ITE00100554,18000112,TMIN,2.9,,,E
GM000010962,18000112,PRCP,0,,,E
EZE00100082,18000112,TMAX,-3.3,,,E
EZE00100082,18000112,TMIN,-6,,,E
ITE00100554,18000113,TMAX,2.3,,,E
ITE00100554,18000113,TMIN,1.3,,,E
GM000010962,18000113,PRCP,0.3,,,E
EZE00100082,18000113,TMAX,-2,,,E
EZE00100082,18000113,TMIN,-6,,,E
ITE00100554,18000114,TMAX,4.1,,,E
ITE00100554,18000114,TMIN,2.3,,,E
GM000010962,18000114,PRCP,0,,,E
EZE00100082,18000114,TMAX,0,,,E
EZE00100082,18000114,TMIN,-3.5,,,E
ITE00100554,18000115,TMAX,5.4,,,E
ITE00100554,18000115,TMIN,4.1,,,E
GM000010962,18000115,PRCP,0,,,E
EZE00100082,18000115,TMAX,1,,,E
EZE00100082,18000115,TMIN,-2.3,,,E
ITE00100554,18000116,TMAX,5.6,,,E
ITE00100554,18000116,TMIN,4.1,,,E
GM000010962,18000116,PRCP,0,,,E
EZE00100082,18000116,TMAX,-1.1,,,E
EZE00100082,18000116,TMIN,-3.7,,,E
ITE00100554,18000117,TMAX,8.4,,,E
ITE00100554,18000117,TMIN,4.8,,,E
GM000010962,18000117,PRCP,0,,,E
EZE00100082,18000117,TMAX,1.4,,,E
EZE00100082,18000117,TMIN,-3.5,,,E
ITE00100554,18000118,TMAX,5.9,,,E
ITE00100554,18000118,TMIN,4.6,,,E
GM000010962,18000118,PRCP,0.2,,,E
EZE00100082,18000118,TMAX,4.7,,,E
EZE00100082,18000118,TMIN,0.9,,,E
ITE00100554,18000119,TMAX,5.9,,,E
ITE00100554,18000119,TMIN,5,,,E
GM000010962,18000119,PRCP,0,,,E
EZE00100082,18000119,TMAX,6.6,,,E
EZE00100082,18000119,TMIN,3.4,,,E
ITE00100554,18000120,TMAX,6,,,E
ITE00100554,18000120,TMIN,2.5,,,E
GM000010962,18000120,PRCP,0.4,,,E
EZE00100082,18000120,TMAX,5.8,,,E
EZE00100082,18000120,TMIN,1.7,,,E
ITE00100554,18000121,TMAX,8,,,E
ITE00100554,18000121,TMIN,3,,,E
GM000010962,18000121,PRCP,0.6,,,E
EZE00100082,18000121,TMAX,3.1,,,E
EZE00100082,18000121,TMIN,0.8,,,E
ITE00100554,18000122,TMAX,8.1,,,E
ITE00100554,18000122,TMIN,7.4,,,E
GM000010962,18000122,PRCP,6.8,,,E
EZE00100082,18000122,TMAX,0.8,,,E
EZE00100082,18000122,TMIN,-1.6,,,E
ITE00100554,18000123,TMAX,8.5,,,E
ITE00100554,18000123,TMIN,7.5,,,E
GM000010962,18000123,PRCP,1.8,,,E
EZE00100082,18000123,TMAX,1.8,,,E
EZE00100082,18000123,TMIN,-1.6,,,E
ITE00100554,18000124,TMAX,8.5,,,E
ITE00100554,18000124,TMIN,7.5,,,E
GM000010962,18000124,PRCP,0,,,E
EZE00100082,18000124,TMAX,3.1,,,E
EZE00100082,18000124,TMIN,-0.3,,,E
ITE00100554,18000125,TMAX,9.8,,,E
ITE00100554,18000125,TMIN,7.5,,,E
GM000010962,18000125,PRCP,0,,,E
EZE00100082,18000125,TMAX,3.5,,,E
EZE00100082,18000125,TMIN,0.2,,,E
ITE00100554,18000126,TMAX,7.5,,,E
ITE00100554,18000126,TMIN,3.4,,,E
GM000010962,18000126,PRCP,0,,,E
EZE00100082,18000126,TMAX,4.4,,,E
EZE00100082,18000126,TMIN,1.6,,,E
ITE00100554,18000127,TMAX,7.3,,,E
ITE00100554,18000127,TMIN,2.9,,,E
GM000010962,18000127,PRCP,0,,,E
EZE00100082,18000127,TMAX,5.7,,,E
EZE00100082,18000127,TMIN,1.5,,,E
ITE00100554,18000128,TMAX,7.9,,,E
ITE00100554,18000128,TMIN,5.4,,,E
GM000010962,18000128,PRCP,0.4,,,E
EZE00100082,18000128,TMAX,6.9,,,E
EZE00100082,18000128,TMIN,3.3,,,E
ITE00100554,18000129,TMAX,7.3,,,E
ITE00100554,18000129,TMIN,5,,,E
GM000010962,18000129,PRCP,0,,,E
EZE00100082,18000129,TMAX,6.7,,,E
EZE00100082,18000129,TMIN,1.9,,,E
ITE00100554,18000130,TMAX,6.6,,,E
ITE00100554,18000130,TMIN,5,,,E
GM000010962,18000130,PRCP,0,,,E
EZE00100082,18000130,TMAX,2.9,,,E
EZE00100082,18000130,TMIN,0.3,,,E
ITE00100554,18000131,TMAX,8.5,,,E
ITE00100554,18000131,TMIN,5,,,E
GM000010962,18000131,PRCP,0,,,E
EZE00100082,18000131,TMAX,6.2,,,E
EZE00100082,18000131,TMIN,2.3,,,E
ITE00100554,18000201,TMAX,9.1,,,E
ITE00100554,18000201,TMIN,6.3,,,E
GM000010962,18000201,PRCP,1.3,,,E
EZE00100082,18000201,TMAX,4.8,,,E
EZE00100082,18000201,TMIN,1.7,,,E
ITE00100554,18000202,TMAX,6.6,,,E
ITE00100554,18000202,TMIN,5.4,,,E
GM000010962,18000202,PRCP,1.6,,,E
EZE00100082,18000202,TMAX,6.7,,,E
EZE00100082,18000202,TMIN,1.9,,,E
ITE00100554,18000203,TMAX,5.6,,,E
ITE00100554,18000203,TMIN,5.4,,,E
GM000010962,18000203,PRCP,0,,,E
EZE00100082,18000203,TMAX,5.3,,,E
EZE00100082,18000203,TMIN,0.2,,,E
ITE00100554,18000204,TMAX,10.4,,,E
ITE00100554,18000204,TMIN,5.9,,,E
GM000010962,18000204,PRCP,0,,,E
EZE00100082,18000204,TMAX,6.6,,,E
EZE00100082,18000204,TMIN,3.9,,,E
ITE00100554,18000205,TMAX,7.9,,,E
ITE00100554,18000205,TMIN,4.6,,,E
GM000010962,18000205,PRCP,0,,,E
EZE00100082,18000205,TMAX,5.9,,,E
EZE00100082,18000205,TMIN,2.2,,,E
ITE00100554,18000206,TMAX,7.5,,,E
ITE00100554,18000206,TMIN,4.1,,,E
GM000010962,18000206,PRCP,0,,,E
EZE00100082,18000206,TMAX,2.4,,,E
EZE00100082,18000206,TMIN,-0.3,,,E
ITE00100554,18000207,TMAX,7.3,,,E
ITE00100554,18000207,TMIN,3.5,,,E
GM000010962,18000207,PRCP,0.6,,,E
EZE00100082,18000207,TMAX,0.4,,,E
EZE00100082,18000207,TMIN,-2.2,,,E
ITE00100554,18000208,TMAX,5,,,E
ITE00100554,18000208,TMIN,2.5,,,E
GM000010962,18000208,PRCP,0,,,E
EZE00100082,18000208,TMAX,-2,,,E
EZE00100082,18000208,TMIN,-3.9,,,E
ITE00100554,18000209,TMAX,3.5,,,E
ITE00100554,18000209,TMIN,0,,,E
GM000010962,18000209,PRCP,0,,,E
EZE00100082,18000209,TMAX,-1.7,,,E
EZE00100082,18000209,TMIN,-3.6,,,E
ITE00100554,18000210,TMAX,3.8,,,E
ITE00100554,18000210,TMIN,1.6,,,E
GM000010962,18000210,PRCP,0,,,E
EZE00100082,18000210,TMAX,-2.5,,,E
EZE00100082,18000210,TMIN,-6.9,,,E
ITE00100554,18000211,TMAX,2.1,,,E
ITE00100554,18000211,TMIN,0.9,,,E
GM000010962,18000211,PRCP,0,,,E
EZE00100082,18000211,TMAX,-3.4,,,E
EZE00100082,18000211,TMIN,-10.2,,,E
ITE00100554,18000212,TMAX,1.3,,,E
ITE00100554,18000212,TMIN,0.3,,,E
GM000010962,18000212,PRCP,0,,,E
EZE00100082,18000212,TMAX,-2.2,,,E
EZE00100082,18000212,TMIN,-7.8,,,E
ITE00100554,18000213,TMAX,1.3,,,E
ITE00100554,18000213,TMIN,0,,,E
GM000010962,18000213,PRCP,0,,,E
EZE00100082,18000213,TMAX,0.1,,,E
EZE00100082,18000213,TMIN,-4.2,,,E
ITE00100554,18000214,TMAX,1.3,,,E
ITE00100554,18000214,TMIN,0,,,E
GM000010962,18000214,PRCP,0,,,E
EZE00100082,18000214,TMAX,0.5,,,E
EZE00100082,18000214,TMIN,-3.5,,,E
ITE00100554,18000215,TMAX,2.1,,,E
ITE00100554,18000215,TMIN,1.3,,,E
GM000010962,18000215,PRCP,0,,,E
EZE00100082,18000215,TMAX,1.8,,,E
EZE00100082,18000215,TMIN,0,,,E
ITE00100554,18000216,TMAX,7.5,,,E
ITE00100554,18000216,TMIN,1.3,,,E
GM000010962,18000216,PRCP,0.7,,,E
EZE00100082,18000216,TMAX,2.4,,,E
EZE00100082,18000216,TMIN,-0.6,,,E
ITE00100554,18000217,TMAX,7.1,,,E
ITE00100554,18000217,TMIN,2.3,,,E
GM000010962,18000217,PRCP,0,,,E
EZE00100082,18000217,TMAX,2,,,E
EZE00100082,18000217,TMIN,-1.3,,,E
ITE00100554,18000218,TMAX,4.8,,,E
ITE00100554,18000218,TMIN,2.1,,,E
GM000010962,18000218,PRCP,0,,,E
EZE00100082,18000218,TMAX,0,,,E
EZE00100082,18000218,TMIN,-5.2,,,E
ITE00100554,18000219,TMAX,5,,,E
ITE00100554,18000219,TMIN,3.8,,,E
GM000010962,18000219,PRCP,0,,,E
EZE00100082,18000219,TMAX,-0.6,,,E
EZE00100082,18000219,TMIN,-5,,,E
ITE00100554,18000220,TMAX,6.6,,,E
ITE00100554,18000220,TMIN,3.8,,,E
GM000010962,18000220,PRCP,0,,,E
EZE00100082,18000220,TMAX,-3.4,,,E
EZE00100082,18000220,TMIN,-7.2,,,E
ITE00100554,18000221,TMAX,6.6,,,E
ITE00100554,18000221,TMIN,2.5,,,E
GM000010962,18000221,PRCP,0,,,E
EZE00100082,18000221,TMAX,-1.6,,,E
EZE00100082,18000221,TMIN,-6,,,E
ITE00100554,18000222,TMAX,6.3,,,E
ITE00100554,18000222,TMIN,4.8,,,E
GM000010962,18000222,PRCP,0,,,E
EZE00100082,18000222,TMAX,3.3,,,E
EZE00100082,18000222,TMIN,-4.2,,,E
ITE00100554,18000223,TMAX,8.1,,,E
ITE00100554,18000223,TMIN,5.4,,,E
GM000010962,18000223,PRCP,0,,,E
EZE00100082,18000223,TMAX,4,,,E
EZE00100082,18000223,TMIN,1.7,,,E
ITE00100554,18000224,TMAX,10.4,,,E
ITE00100554,18000224,TMIN,7.3,,,E
GM000010962,18000224,PRCP,0,,,E
EZE00100082,18000224,TMAX,5.6,,,E
EZE00100082,18000224,TMIN,1.4,,,E
ITE00100554,18000225,TMAX,11.6,,,E
ITE00100554,18000225,TMIN,6,,,E
GM000010962,18000225,PRCP,0,,,E
EZE00100082,18000225,TMAX,2,,,E
EZE00100082,18000225,TMIN,0.4,,,E
ITE00100554,18000226,TMAX,12.9,,,E
ITE00100554,18000226,TMIN,8.8,,,E
GM000010962,18000226,PRCP,0,,,E
EZE00100082,18000226,TMAX,1.5,,,E
EZE00100082,18000226,TMIN,-5.7,,,E
ITE00100554,18000227,TMAX,10,,,E
ITE00100554,18000227,TMIN,8.8,,I,E
GM000010962,18000227,PRCP,0.6,,,E
EZE00100082,18000227,TMAX,-3.9,,,E
EZE00100082,18000227,TMIN,-7.4,,,E
ITE00100554,18000228,TMAX,7.5,,I,E
ITE00100554,18000228,TMIN,6.3,,,E
GM000010962,18000228,PRCP,0,,,E
EZE00100082,18000228,TMAX,2.5,,,E
EZE00100082,18000228,TMIN,-4.3,,,E
ITE00100554,18000301,TMAX,10,,,E
ITE00100554,18000301,TMIN,6.6,,,E
GM000010962,18000301,PRCP,4.2,,,E
EZE00100082,18000301,TMAX,-2.1,,,E
EZE00100082,18000301,TMIN,-3.7,,,E
ITE00100554,18000302,TMAX,7.9,,,E
ITE00100554,18000302,TMIN,6,,,E
GM000010962,18000302,PRCP,1.6,,,E
EZE00100082,18000302,TMAX,0.4,,,E
EZE00100082,18000302,TMIN,-4,,,E
ITE00100554,18000303,TMAX,5.4,,,E
ITE00100554,18000303,TMIN,4.6,,,E
GM000010962,18000303,PRCP,0.6,,,E
EZE00100082,18000303,TMAX,1,,,E
EZE00100082,18000303,TMIN,-3,,,E
ITE00100554,18000304,TMAX,8.4,,,E
ITE00100554,18000304,TMIN,2.9,,,E
GM000010962,18000304,PRCP,0,,,E
EZE00100082,18000304,TMAX,3.2,,,E
EZE00100082,18000304,TMIN,-2.3,,,E
ITE00100554,18000305,TMAX,7.9,,,E
ITE00100554,18000305,TMIN,2.1,,,E
GM000010962,18000305,PRCP,0.4,,,E
EZE00100082,18000305,TMAX,-1.4,,,E
EZE00100082,18000305,TMIN,-4.7,,,E
ITE00100554,18000306,TMAX,6,,,E
ITE00100554,18000306,TMIN,2.9,,,E
GM000010962,18000306,PRCP,0,,,E
EZE00100082,18000306,TMAX,-3.4,,,E
EZE00100082,18000306,TMIN,-7,,,E
ITE00100554,18000307,TMAX,3.4,,,E
ITE00100554,18000307,TMIN,1.6,,,E
GM000010962,18000307,PRCP,0,,,E
EZE00100082,18000307,TMAX,-4.2,,,E
EZE00100082,18000307,TMIN,-8.9,,,E
ITE00100554,18000308,TMAX,3.8,,,E
ITE00100554,18000308,TMIN,0,,,E
GM000010962,18000308,PRCP,0,,,E
EZE00100082,18000308,TMAX,-4.9,,,E
EZE00100082,18000308,TMIN,-13,,,E
ITE00100554,18000309,TMAX,7.9,,,E
ITE00100554,18000309,TMIN,1.6,,,E
GM000010962,18000309,PRCP,3,,,E
EZE00100082,18000309,TMAX,-6.3,,,E
EZE00100082,18000309,TMIN,-9.3,,,E
ITE00100554,18000310,TMAX,7.5,,,E
ITE00100554,18000310,TMIN,2.5,,,E
GM000010962,18000310,PRCP,0,,,E
EZE00100082,18000310,TMAX,-3.4,,,E
EZE00100082,18000310,TMIN,-11,,,E
ITE00100554,18000311,TMAX,7.9,,,E
ITE00100554,18000311,TMIN,2.9,,,E
GM000010962,18000311,PRCP,0,,,E
EZE00100082,18000311,TMAX,-3.3,,,E
EZE00100082,18000311,TMIN,-10.7,,,E
ITE00100554,18000312,TMAX,6.9,,,E
ITE00100554,18000312,TMIN,4.1,,,E
GM000010962,18000312,PRCP,0.7,,,E
EZE00100082,18000312,TMAX,-2.2,,,E
EZE00100082,18000312,TMIN,-8.7,,,E
ITE00100554,18000313,TMAX,7.5,,,E
ITE00100554,18000313,TMIN,4.4,,,E
GM000010962,18000313,PRCP,0,,,E
EZE00100082,18000313,TMAX,-2.4,,,E
EZE00100082,18000313,TMIN,-11,,,E
ITE00100554,18000314,TMAX,10,,,E
ITE00100554,18000314,TMIN,2.5,,,E
GM000010962,18000314,PRCP,0,,,E
EZE00100082,18000314,TMAX,1.1,,,E
EZE00100082,18000314,TMIN,-6.1,,,E
ITE00100554,18000315,TMAX,10.9,,,E
ITE00100554,18000315,TMIN,5,,,E
GM000010962,18000315,PRCP,0,,,E
EZE00100082,18000315,TMAX,-0.1,,,E
EZE00100082,18000315,TMIN,-5.2,,,E
ITE00100554,18000316,TMAX,11.3,,,E
ITE00100554,18000316,TMIN,3.5,,,E
GM000010962,18000316,PRCP,0,,,E
EZE00100082,18000316,TMAX,1,,,E
EZE00100082,18000316,TMIN,-6.7,,,E
ITE00100554,18000317,TMAX,10.9,,,E
ITE00100554,18000317,TMIN,5.4,,,E
GM000010962,18000317,PRCP,0,,,E
EZE00100082,18000317,TMAX,3,,,E
EZE00100082,18000317,TMIN,-5.2,,,E
ITE00100554,18000318,TMAX,9.1,,,E
ITE00100554,18000318,TMIN,5.6,,,E
GM000010962,18000318,PRCP,0.4,,,E
EZE00100082,18000318,TMAX,2.6,,,E
EZE00100082,18000318,TMIN,-3.5,,,E
ITE00100554,18000319,TMAX,12.5,,,E
ITE00100554,18000319,TMIN,6,,,E
GM000010962,18000319,PRCP,1.7,,,E
EZE00100082,18000319,TMAX,3.6,,,E
EZE00100082,18000319,TMIN,-1.9,,,E
ITE00100554,18000320,TMAX,11.6,,,E
ITE00100554,18000320,TMIN,7.3,,,E
GM000010962,18000320,PRCP,2,,,E
EZE00100082,18000320,TMAX,1.3,,,E
EZE00100082,18000320,TMIN,-3.8,,,E
ITE00100554,18000321,TMAX,10.9,,,E
ITE00100554,18000321,TMIN,5,,,E
GM000010962,18000321,PRCP,0.6,,,E
EZE00100082,18000321,TMAX,1.5,,,E
EZE00100082,18000321,TMIN,-4.8,,,E
ITE00100554,18000322,TMAX,7.1,,,E
ITE00100554,18000322,TMIN,4.8,,,E
GM000010962,18000322,PRCP,2.5,,,E
EZE00100082,18000322,TMAX,1.4,,,E
EZE00100082,18000322,TMIN,-5.7,,,E
ITE00100554,18000323,TMAX,7.5,,,E
ITE00100554,18000323,TMIN,1.9,,,E
GM000010962,18000323,PRCP,0.4,,,E
EZE00100082,18000323,TMAX,0.4,,,E
EZE00100082,18000323,TMIN,-7.8,,,E
ITE00100554,18000324,TMAX,8.1,,,E
ITE00100554,18000324,TMIN,1,,,E
GM000010962,18000324,PRCP,0,,,E
EZE00100082,18000324,TMAX,3.3,,,E
EZE00100082,18000324,TMIN,-2.4,,,E
ITE00100554,18000325,TMAX,8.5,,,E
ITE00100554,18000325,TMIN,2.5,,,E
GM000010962,18000325,PRCP,0,,,E
EZE00100082,18000325,TMAX,6.8,,,E
EZE00100082,18000325,TMIN,0.8,,,E
ITE00100554,18000326,TMAX,11,,,E
ITE00100554,18000326,TMIN,3.1,,,E
GM000010962,18000326,PRCP,0,,,E
EZE00100082,18000326,TMAX,7.1,,,E
EZE00100082,18000326,TMIN,0.9,,,E
ITE00100554,18000327,TMAX,11.3,,,E
ITE00100554,18000327,TMIN,4.8,,,E
GM000010962,18000327,PRCP,0,,,E
EZE00100082,18000327,TMAX,8.4,,,E
EZE00100082,18000327,TMIN,-0.5,,,E
ITE00100554,18000328,TMAX,12.5,,,E
ITE00100554,18000328,TMIN,5.4,,,E
GM000010962,18000328,PRCP,0,,,E
EZE00100082,18000328,TMAX,8.6,,,E
EZE00100082,18000328,TMIN,-2.3,,,E
ITE00100554,18000329,TMAX,11,,,E
ITE00100554,18000329,TMIN,8.5,,,E
GM000010962,18000329,PRCP,0,,,E
EZE00100082,18000329,TMAX,8.2,,,E
EZE00100082,18000329,TMIN,0.4,,,E
ITE00100554,18000330,TMAX,14.1,,,E
ITE00100554,18000330,TMIN,8.5,,,E
GM000010962,18000330,PRCP,0,,,E
EZE00100082,18000330,TMAX,9.1,,,E
EZE00100082,18000330,TMIN,1,,,E
ITE00100554,18000331,TMAX,13.8,,,E
ITE00100554,18000331,TMIN,7.5,,,E
GM000010962,18000331,PRCP,0,,,E
EZE00100082,18000331,TMAX,12.3,,,E
EZE00100082,18000331,TMIN,1.1,,,E
ITE00100554,18000401,TMAX,10.9,,,E
ITE00100554,18000401,TMIN,10,,,E
GM000010962,18000401,PRCP,0,,,E
EZE00100082,18000401,TMAX,9.8,,,E
EZE00100082,18000401,TMIN,5,,,E
ITE00100554,18000402,TMAX,10.4,,,E
ITE00100554,18000402,TMIN,9.8,,,E
GM000010962,18000402,PRCP,0.9,,,E
EZE00100082,18000402,TMAX,12.8,,,E
EZE00100082,18000402,TMIN,5.9,,,E
ITE00100554,18000403,TMAX,12.8,,,E
ITE00100554,18000403,TMIN,7.5,,,E
GM000010962,18000403,PRCP,0,,,E
EZE00100082,18000403,TMAX,11.6,,,E
EZE00100082,18000403,TMIN,6.1,,,E
ITE00100554,18000404,TMAX,15.3,,,E
ITE00100554,18000404,TMIN,7.5,,,E
GM000010962,18000404,PRCP,0,,,E
EZE00100082,18000404,TMAX,15.7,,,E
EZE00100082,18000404,TMIN,6.9,,,E
ITE00100554,18000405,TMAX,16.6,,,E
ITE00100554,18000405,TMIN,8.4,,,E
GM000010962,18000405,PRCP,0,,,E
EZE00100082,18000405,TMAX,13.4,,,E
EZE00100082,18000405,TMIN,6.5,,,E
ITE00100554,18000406,TMAX,17.8,,,E
ITE00100554,18000406,TMIN,9.6,,,E
GM000010962,18000406,PRCP,0,,,E
EZE00100082,18000406,TMAX,16.8,,,E
EZE00100082,18000406,TMIN,9.5,,,E
ITE00100554,18000407,TMAX,19.8,,,E
ITE00100554,18000407,TMIN,9.9,,,E
GM000010962,18000407,PRCP,0,,,E
EZE00100082,18000407,TMAX,16,,,E
EZE00100082,18000407,TMIN,7.4,,,E
ITE00100554,18000408,TMAX,20,,,E
ITE00100554,18000408,TMIN,10.9,,,E
GM000010962,18000408,PRCP,0,,,E
EZE00100082,18000408,TMAX,20.3,,,E
EZE00100082,18000408,TMIN,7.5,,,E
ITE00100554,18000409,TMAX,20,,,E
ITE00100554,18000409,TMIN,14.8,,,E
GM000010962,18000409,PRCP,0,,,E
EZE00100082,18000409,TMAX,19.3,,,E
EZE00100082,18000409,TMIN,10.5,,,E
ITE00100554,18000410,TMAX,20,,,E
ITE00100554,18000410,TMIN,12.9,,,E
GM000010962,18000410,PRCP,0,,,E
EZE00100082,18000410,TMAX,21.2,,,E
EZE00100082,18000410,TMIN,12.5,,,E
ITE00100554,18000411,TMAX,20,,,E
ITE00100554,18000411,TMIN,14.1,,,E
GM000010962,18000411,PRCP,0,,,E
EZE00100082,18000411,TMAX,17.1,,,E
EZE00100082,18000411,TMIN,9.5,,,E
ITE00100554,18000412,TMAX,20,,,E
ITE00100554,18000412,TMIN,11.6,,,E
GM000010962,18000412,PRCP,1,,,E
EZE00100082,18000412,TMAX,17,,,E
EZE00100082,18000412,TMIN,5.5,,,E
ITE00100554,18000413,TMAX,18.1,,,E
ITE00100554,18000413,TMIN,12.9,,,E
GM000010962,18000413,PRCP,4,,,E
EZE00100082,18000413,TMAX,18.5,,,E
EZE00100082,18000413,TMIN,9.9,,,E
ITE00100554,18000414,TMAX,18.8,,,E
ITE00100554,18000414,TMIN,9.1,,,E
GM000010962,18000414,PRCP,0.2,,,E
EZE00100082,18000414,TMAX,14.5,,,E
EZE00100082,18000414,TMIN,8.7,,,E
ITE00100554,18000415,TMAX,20.6,,,E
ITE00100554,18000415,TMIN,11.6,,,E
GM000010962,18000415,PRCP,0,,,E
EZE00100082,18000415,TMAX,19.4,,,E
EZE00100082,18000415,TMIN,10.9,,,E
ITE00100554,18000416,TMAX,21.6,,,E
ITE00100554,18000416,TMIN,12.9,,,E
GM000010962,18000416,PRCP,0,,,E
EZE00100082,18000416,TMAX,20.3,,,E
EZE00100082,18000416,TMIN,10.2,,,E
ITE00100554,18000417,TMAX,21.3,,,E
ITE00100554,18000417,TMIN,12.9,,,E
GM000010962,18000417,PRCP,0,,,E
EZE00100082,18000417,TMAX,24.8,,,E
EZE00100082,18000417,TMIN,11,,,E
ITE00100554,18000418,TMAX,21.6,,,E
ITE00100554,18000418,TMIN,13.4,,,E
GM000010962,18000418,PRCP,0,,,E
EZE00100082,18000418,TMAX,24.6,,,E
EZE00100082,18000418,TMIN,13,,,E
ITE00100554,18000419,TMAX,19.1,,,E
ITE00100554,18000419,TMIN,13.8,,,E
GM000010962,18000419,PRCP,0.5,,,E
EZE00100082,18000419,TMAX,20.8,,,E
EZE00100082,18000419,TMIN,14.6,,,E
ITE00100554,18000420,TMAX,23.1,,,E
ITE00100554,18000420,TMIN,15,,,E
GM000010962,18000420,PRCP,3.4,,,E
EZE00100082,18000420,TMAX,21.2,,,E
EZE00100082,18000420,TMIN,12.5,,,E
ITE00100554,18000421,TMAX,23.5,,,E
ITE00100554,18000421,TMIN,15.4,,,E
GM000010962,18000421,PRCP,0.2,,,E
EZE00100082,18000421,TMAX,22.8,,,E
EZE00100082,18000421,TMIN,15.3,,,E
ITE00100554,18000422,TMAX,21.6,,,E
ITE00100554,18000422,TMIN,16.6,,,E
GM000010962,18000422,PRCP,0,,,E
EZE00100082,18000422,TMAX,27.7,,,E
EZE00100082,18000422,TMIN,15.7,,,E
ITE00100554,18000423,TMAX,19.1,,,E
ITE00100554,18000423,TMIN,16.6,,,E
GM000010962,18000423,PRCP,0,,,E
EZE00100082,18000423,TMAX,25,,,E
EZE00100082,18000423,TMIN,18.5,,,E
ITE00100554,18000424,TMAX,20.4,,,E
ITE00100554,18000424,TMIN,14.6,,,E
GM000010962,18000424,PRCP,0,,,E
EZE00100082,18000424,TMAX,23.8,,,E
EZE00100082,18000424,TMIN,17.7,,,E
ITE00100554,18000425,TMAX,16.3,,,E
ITE00100554,18000425,TMIN,15,,,E
GM000010962,18000425,PRCP,0,,,E
EZE00100082,18000425,TMAX,23,,,E
EZE00100082,18000425,TMIN,16.6,,,E
ITE00100554,18000426,TMAX,17.9,,,E
ITE00100554,18000426,TMIN,15.4,,,E
GM000010962,18000426,PRCP,0,,,E
EZE00100082,18000426,TMAX,25.8,,,E
EZE00100082,18000426,TMIN,15.8,,,E
ITE00100554,18000427,TMAX,20.4,,,E
ITE00100554,18000427,TMIN,15.4,,,E
GM000010962,18000427,PRCP,0,,,E
EZE00100082,18000427,TMAX,27.9,,,E
EZE00100082,18000427,TMIN,16,,,E
ITE00100554,18000428,TMAX,22.3,,,E
ITE00100554,18000428,TMIN,15.9,,,E
GM000010962,18000428,PRCP,0,,,E
EZE00100082,18000428,TMAX,25.9,,,E
EZE00100082,18000428,TMIN,18,,,E
ITE00100554,18000429,TMAX,22.5,,,E
ITE00100554,18000429,TMIN,16.9,,,E
GM000010962,18000429,PRCP,0,,,E
EZE00100082,18000429,TMAX,28.6,,,E
EZE00100082,18000429,TMIN,16.6,,,E
ITE00100554,18000430,TMAX,20.6,,,E
ITE00100554,18000430,TMIN,15.9,,,E
GM000010962,18000430,PRCP,0,,,E
EZE00100082,18000430,TMAX,27.3,,,E
EZE00100082,18000430,TMIN,14.7,,,E
ITE00100554,18000501,TMAX,20.6,,,E
ITE00100554,18000501,TMIN,16,,,E
GM000010962,18000501,PRCP,9.7,,,E
EZE00100082,18000501,TMAX,18.3,,,E
EZE00100082,18000501,TMIN,12.7,,,E
ITE00100554,18000502,TMAX,22.3,,,E
ITE00100554,18000502,TMIN,16,,,E
GM000010962,18000502,PRCP,0.3,,,E
EZE00100082,18000502,TMAX,22.6,,,E
EZE00100082,18000502,TMIN,13.9,,,E
ITE00100554,18000503,TMAX,23.5,,,E
ITE00100554,18000503,TMIN,15.4,,,E
GM000010962,18000503,PRCP,0,,,E
EZE00100082,18000503,TMAX,24,,,E
EZE00100082,18000503,TMIN,16.4,,,E
ITE00100554,18000504,TMAX,23.8,,,E
ITE00100554,18000504,TMIN,15.6,,,E
GM000010962,18000504,PRCP,0,,,E
EZE00100082,18000504,TMAX,23.1,,,E
EZE00100082,18000504,TMIN,15.2,,,E
ITE00100554,18000505,TMAX,22.5,,,E
ITE00100554,18000505,TMIN,16,,,E
GM000010962,18000505,PRCP,0,,,E
EZE00100082,18000505,TMAX,21.7,,,E
EZE00100082,18000505,TMIN,16,,,E
ITE00100554,18000506,TMAX,17.5,,,E
ITE00100554,18000506,TMIN,14,,,E
GM000010962,18000506,PRCP,0,,,E
EZE00100082,18000506,TMAX,21.4,,,E
EZE00100082,18000506,TMIN,13.6,,,E
ITE00100554,18000507,TMAX,18.8,,,E
ITE00100554,18000507,TMIN,9.6,,,E
GM000010962,18000507,PRCP,0,,,E
EZE00100082,18000507,TMAX,23.1,,,E
EZE00100082,18000507,TMIN,11.6,,,E
ITE00100554,18000508,TMAX,21.3,,,E
ITE00100554,18000508,TMIN,12.1,,,E
GM000010962,18000508,PRCP,0,,,E
EZE00100082,18000508,TMAX,24,,,E
EZE00100082,18000508,TMIN,13,,,E
ITE00100554,18000509,TMAX,22.5,,,E
ITE00100554,18000509,TMIN,13.4,,,E
GM000010962,18000509,PRCP,0,,,E
EZE00100082,18000509,TMAX,24.5,,,E
EZE00100082,18000509,TMIN,15.1,,,E
ITE00100554,18000510,TMAX,18.8,,,E
ITE00100554,18000510,TMIN,15.4,,,E
GM000010962,18000510,PRCP,0,,,E
EZE00100082,18000510,TMAX,24.1,,,E
EZE00100082,18000510,TMIN,14.9,,,E
ITE00100554,18000511,TMAX,21,,,E
ITE00100554,18000511,TMIN,15.4,,,E
GM000010962,18000511,PRCP,1.1,,,E
EZE00100082,18000511,TMAX,16.2,,,E
EZE00100082,18000511,TMIN,10.3,,,E
ITE00100554,18000512,TMAX,20.4,,,E
ITE00100554,18000512,TMIN,15,,,E
GM000010962,18000512,PRCP,0.7,,,E
EZE00100082,18000512,TMAX,16.2,,,E
EZE00100082,18000512,TMIN,10,,,E
ITE00100554,18000513,TMAX,18.8,,,E
ITE00100554,18000513,TMIN,15.4,,,E
GM000010962,18000513,PRCP,2.5,,,E
EZE00100082,18000513,TMAX,19.7,,,E
EZE00100082,18000513,TMIN,12.2,,,E
ITE00100554,18000514,TMAX,20,,,E
ITE00100554,18000514,TMIN,13.4,,,E
GM000010962,18000514,PRCP,3.5,,,E
EZE00100082,18000514,TMAX,20.9,,,E
EZE00100082,18000514,TMIN,12.5,,,E
ITE00100554,18000515,TMAX,21.3,,,E
ITE00100554,18000515,TMIN,13.5,,,E
GM000010962,18000515,PRCP,0.7,,,E
EZE00100082,18000515,TMAX,16.1,,,E
EZE00100082,18000515,TMIN,11.6,,,E
ITE00100554,18000516,TMAX,21.3,,,E
ITE00100554,18000516,TMIN,13.5,,,E
GM000010962,18000516,PRCP,27.9,,,E
EZE00100082,18000516,TMAX,18.8,,,E
EZE00100082,18000516,TMIN,12.9,,,E
ITE00100554,18000517,TMAX,20.9,,,E
ITE00100554,18000517,TMIN,16,,,E
GM000010962,18000517,PRCP,0,,,E
EZE00100082,18000517,TMAX,22,,,E
EZE00100082,18000517,TMIN,12.4,,,E
ITE00100554,18000518,TMAX,21.3,,,E
ITE00100554,18000518,TMIN,14.6,,,E
GM000010962,18000518,PRCP,4.3,,,E
EZE00100082,18000518,TMAX,18.6,,,E
EZE00100082,18000518,TMIN,11.9,,,E
ITE00100554,18000519,TMAX,20,,,E
ITE00100554,18000519,TMIN,13.5,,,E
GM000010962,18000519,PRCP,0,,,E
EZE00100082,18000519,TMAX,17.2,,,E
EZE00100082,18000519,TMIN,10.5,,,E
ITE00100554,18000520,TMAX,22.5,,,E
ITE00100554,18000520,TMIN,13.8,,,E
GM000010962,18000520,PRCP,0,,,E
EZE00100082,18000520,TMAX,22.5,,,E
EZE00100082,18000520,TMIN,11.5,,,E
ITE00100554,18000521,TMAX,23.8,,,E
ITE00100554,18000521,TMIN,17.9,,,E
GM000010962,18000521,PRCP,0,,,E
EZE00100082,18000521,TMAX,24.7,,,E
EZE00100082,18000521,TMIN,13.6,,,E
ITE00100554,18000522,TMAX,26.3,,,E
ITE00100554,18000522,TMIN,16.6,,,E
GM000010962,18000522,PRCP,4.3,,,E
EZE00100082,18000522,TMAX,26.2,,,E
EZE00100082,18000522,TMIN,15.7,,,E
ITE00100554,18000523,TMAX,25,,,E
ITE00100554,18000523,TMIN,18.8,,,E
GM000010962,18000523,PRCP,7.1,,,E
EZE00100082,18000523,TMAX,27,,,E
EZE00100082,18000523,TMIN,18.3,,,E
ITE00100554,18000524,TMAX,22.5,,,E
ITE00100554,18000524,TMIN,18.5,,,E
GM000010962,18000524,PRCP,0,,,E
EZE00100082,18000524,TMAX,28.2,,,E
EZE00100082,18000524,TMIN,17.8,,,E
ITE00100554,18000525,TMAX,23.8,,,E
ITE00100554,18000525,TMIN,18.1,,,E
GM000010962,18000525,PRCP,30.5,,,E
EZE00100082,18000525,TMAX,23.2,,,E
EZE00100082,18000525,TMIN,17.4,,,E
ITE00100554,18000526,TMAX,26.3,,,E
ITE00100554,18000526,TMIN,19.8,,,E
GM000010962,18000526,PRCP,16.9,,,E
EZE00100082,18000526,TMAX,22.6,,,E
EZE00100082,18000526,TMIN,16,,,E
ITE00100554,18000527,TMAX,26.9,,,E
ITE00100554,18000527,TMIN,21,,,E
GM000010962,18000527,PRCP,2.4,,,E
EZE00100082,18000527,TMAX,24.6,,,E
EZE00100082,18000527,TMIN,17.3,,,E
ITE00100554,18000528,TMAX,24.4,,,E
ITE00100554,18000528,TMIN,19.1,,,E
GM000010962,18000528,PRCP,0.2,,,E
EZE00100082,18000528,TMAX,26.1,,,E
EZE00100082,18000528,TMIN,18.9,,,E
ITE00100554,18000529,TMAX,21.6,,,E
ITE00100554,18000529,TMIN,19.1,,,E
GM000010962,18000529,PRCP,12.3,,,E
EZE00100082,18000529,TMAX,25.8,,,E
EZE00100082,18000529,TMIN,19.4,,,E
ITE00100554,18000530,TMAX,25.9,,,E
ITE00100554,18000530,TMIN,19.6,,,E
GM000010962,18000530,PRCP,9.7,,,E
EZE00100082,18000530,TMAX,23.8,,,E
EZE00100082,18000530,TMIN,18.3,,,E
ITE00100554,18000531,TMAX,25.4,,,E
ITE00100554,18000531,TMIN,19.6,,,E
GM000010962,18000531,PRCP,7.5,,,E
EZE00100082,18000531,TMAX,21,,,E
EZE00100082,18000531,TMIN,17,,,E
ITE00100554,18000601,TMAX,20.4,,,E
ITE00100554,18000601,TMIN,19.1,,,E
GM000010962,18000601,PRCP,10.2,,,E
EZE00100082,18000601,TMAX,19.1,,,E
EZE00100082,18000601,TMIN,15.7,,,E
ITE00100554,18000602,TMAX,21.6,,,E
ITE00100554,18000602,TMIN,13.8,,,E
GM000010962,18000602,PRCP,4.5,,,E
EZE00100082,18000602,TMAX,19.3,,,E
EZE00100082,18000602,TMIN,13.2,,,E
ITE00100554,18000603,TMAX,21.3,,,E
ITE00100554,18000603,TMIN,13.8,,,E
GM000010962,18000603,PRCP,0,,,E
EZE00100082,18000603,TMAX,19.2,,,E
EZE00100082,18000603,TMIN,14.4,,,E
ITE00100554,18000604,TMAX,22.5,,,E
ITE00100554,18000604,TMIN,15.6,,,E
GM000010962,18000604,PRCP,1.1,,,E
EZE00100082,18000604,TMAX,21.6,,,E
EZE00100082,18000604,TMIN,14.1,,,E
ITE00100554,18000605,TMAX,25.6,,,E
ITE00100554,18000605,TMIN,17.3,,,E
GM000010962,18000605,PRCP,0,,,E
EZE00100082,18000605,TMAX,22.6,,,E
EZE00100082,18000605,TMIN,14.7,,,E
ITE00100554,18000606,TMAX,25,,,E
ITE00100554,18000606,TMIN,18.4,,,E
GM000010962,18000606,PRCP,2.7,,,E
EZE00100082,18000606,TMAX,22.7,,,E
EZE00100082,18000606,TMIN,17.7,,,E
ITE00100554,18000607,TMAX,19.8,,,E
ITE00100554,18000607,TMIN,17.3,,,E
GM000010962,18000607,PRCP,2.3,,,E
EZE00100082,18000607,TMAX,21.9,,,E
EZE00100082,18000607,TMIN,13.3,,,E
ITE00100554,18000608,TMAX,19.1,,,E
ITE00100554,18000608,TMIN,16.9,,,E
GM000010962,18000608,PRCP,29.7,,,E
EZE00100082,18000608,TMAX,16.4,,,E
EZE00100082,18000608,TMIN,11.7,,,E
ITE00100554,18000609,TMAX,22.3,,,E
ITE00100554,18000609,TMIN,16.6,,,E
GM000010962,18000609,PRCP,0.2,,,E
EZE00100082,18000609,TMAX,19.1,,,E
EZE00100082,18000609,TMIN,11.9,,,E
ITE00100554,18000610,TMAX,24.8,,,E
ITE00100554,18000610,TMIN,16.6,,,E
GM000010962,18000610,PRCP,0,,,E
EZE00100082,18000610,TMAX,19.1,,,E
EZE00100082,18000610,TMIN,12.9,,,E
ITE00100554,18000611,TMAX,22.9,,,E
ITE00100554,18000611,TMIN,16.9,,,E
GM000010962,18000611,PRCP,4,,,E
EZE00100082,18000611,TMAX,18.5,,,E
EZE00100082,18000611,TMIN,10.4,,,E
ITE00100554,18000612,TMAX,20.6,,,E
ITE00100554,18000612,TMIN,17.5,,,E
GM000010962,18000612,PRCP,1,,,E
EZE00100082,18000612,TMAX,19,,,E
EZE00100082,18000612,TMIN,10,,,E
ITE00100554,18000613,TMAX,22.9,,,E
ITE00100554,18000613,TMIN,17.1,,,E
GM000010962,18000613,PRCP,5.1,,,E
EZE00100082,18000613,TMAX,19.8,,,E
EZE00100082,18000613,TMIN,11.5,,,E
ITE00100554,18000614,TMAX,21.6,,,E
ITE00100554,18000614,TMIN,16.6,,,E
GM000010962,18000614,PRCP,1,,,E
EZE00100082,18000614,TMAX,21.2,,,E
EZE00100082,18000614,TMIN,12.6,,,E
ITE00100554,18000615,TMAX,21.6,,,E
ITE00100554,18000615,TMIN,14.1,,,E
GM000010962,18000615,PRCP,0.7,,,E
EZE00100082,18000615,TMAX,14.8,,,E
EZE00100082,18000615,TMIN,9,,,E
ITE00100554,18000616,TMAX,21.6,,,E
ITE00100554,18000616,TMIN,14.1,,,E
GM000010962,18000616,PRCP,1.6,,,E
EZE00100082,18000616,TMAX,13.9,,,E
EZE00100082,18000616,TMIN,8.4,,,E
ITE00100554,18000617,TMAX,22.5,,,E
ITE00100554,18000617,TMIN,14.1,,,E
GM000010962,18000617,PRCP,1.2,,,E
EZE00100082,18000617,TMAX,13.1,,,E
EZE00100082,18000617,TMIN,8.2,,,E
ITE00100554,18000618,TMAX,23.5,,,E
ITE00100554,18000618,TMIN,14.6,,,E
GM000010962,18000618,PRCP,0,,,E
EZE00100082,18000618,TMAX,14,,,E
EZE00100082,18000618,TMIN,8.7,,,E
ITE00100554,18000619,TMAX,23.5,,,E
ITE00100554,18000619,TMIN,14.8,,,E
GM000010962,18000619,PRCP,6.3,,,E
EZE00100082,18000619,TMAX,16.4,,,E
EZE00100082,18000619,TMIN,9.8,,,E
ITE00100554,18000620,TMAX,25.4,,,E
ITE00100554,18000620,TMIN,14.6,,,E
GM000010962,18000620,PRCP,1.7,,,E
EZE00100082,18000620,TMAX,21,,,E
EZE00100082,18000620,TMIN,8.8,,,E
ITE00100554,18000621,TMAX,25.9,,,E
ITE00100554,18000621,TMIN,17.3,,,E
GM000010962,18000621,PRCP,0.2,,,E
EZE00100082,18000621,TMAX,19.5,,,E
EZE00100082,18000621,TMIN,15.6,,,E
ITE00100554,18000622,TMAX,21.3,,,E
ITE00100554,18000622,TMIN,20.4,,,E
GM000010962,18000622,PRCP,11.1,,,E
EZE00100082,18000622,TMAX,19.2,,,E
EZE00100082,18000622,TMIN,13.4,,,E
ITE00100554,18000623,TMAX,24.1,,,E
ITE00100554,18000623,TMIN,15.4,,,E
GM000010962,18000623,PRCP,2.7,,,E
EZE00100082,18000623,TMAX,18.2,,,E
EZE00100082,18000623,TMIN,11.8,,,E
ITE00100554,18000624,TMAX,24.1,,,E
ITE00100554,18000624,TMIN,17.9,,,E
GM000010962,18000624,PRCP,0,,,E
EZE00100082,18000624,TMAX,19.4,,,E
EZE00100082,18000624,TMIN,11.5,,,E
ITE00100554,18000625,TMAX,25.4,,,E
ITE00100554,18000625,TMIN,18.4,,,E
GM000010962,18000625,PRCP,0,,,E
EZE00100082,18000625,TMAX,21.7,,,E
EZE00100082,18000625,TMIN,10,,,E
ITE00100554,18000626,TMAX,26.3,,,E
ITE00100554,18000626,TMIN,18.4,,,E
GM000010962,18000626,PRCP,0,,,E
EZE00100082,18000626,TMAX,23.3,,,E
EZE00100082,18000626,TMIN,13.1,,,E
ITE00100554,18000627,TMAX,27.5,,,E
ITE00100554,18000627,TMIN,20.4,,,E
GM000010962,18000627,PRCP,0,,,E
EZE00100082,18000627,TMAX,23.4,,,E
EZE00100082,18000627,TMIN,16.1,,,E
ITE00100554,18000628,TMAX,28.8,,,E
ITE00100554,18000628,TMIN,21.3,,,E
GM000010962,18000628,PRCP,1.2,,,E
EZE00100082,18000628,TMAX,22.7,,,E
EZE00100082,18000628,TMIN,14,,,E
ITE00100554,18000629,TMAX,26.5,,,E
ITE00100554,18000629,TMIN,19.8,,,E
GM000010962,18000629,PRCP,0,,,E
EZE00100082,18000629,TMAX,25,,,E
EZE00100082,18000629,TMIN,13.7,,,E
ITE00100554,18000630,TMAX,27.9,,,E
ITE00100554,18000630,TMIN,20.9,,,E
GM000010962,18000630,PRCP,8.8,,,E
EZE00100082,18000630,TMAX,21.4,,,E
EZE00100082,18000630,TMIN,15.5,,,E
ITE00100554,18000701,TMAX,27.5,,,E
ITE00100554,18000701,TMIN,21.3,,,E
GM000010962,18000701,PRCP,3.2,,,E
EZE00100082,18000701,TMAX,18,,,E
EZE00100082,18000701,TMIN,12.8,,,E
ITE00100554,18000702,TMAX,24.1,,,E
ITE00100554,18000702,TMIN,18.5,,,E
GM000010962,18000702,PRCP,0,,,E
EZE00100082,18000702,TMAX,19.3,,,E
EZE00100082,18000702,TMIN,13.5,,,E
ITE00100554,18000703,TMAX,25.4,,,E
ITE00100554,18000703,TMIN,20,,,E
GM000010962,18000703,PRCP,0,,,E
EZE00100082,18000703,TMAX,24,,,E
EZE00100082,18000703,TMIN,13.4,,,E
ITE00100554,18000704,TMAX,28.8,,,E
ITE00100554,18000704,TMIN,20,,,E
GM000010962,18000704,PRCP,3.3,,,E
EZE00100082,18000704,TMAX,21.6,,,E
EZE00100082,18000704,TMIN,14.4,,,E
ITE00100554,18000705,TMAX,27.5,,,E
ITE00100554,18000705,TMIN,21.9,,,E
GM000010962,18000705,PRCP,0,,,E
EZE00100082,18000705,TMAX,28.1,,,E
EZE00100082,18000705,TMIN,14.7,,,E
ITE00100554,18000706,TMAX,28.8,,,E
ITE00100554,18000706,TMIN,21.3,,,E
GM000010962,18000706,PRCP,0,,,E
EZE00100082,18000706,TMAX,28.5,,,E
EZE00100082,18000706,TMIN,18.8,,,E
ITE00100554,18000707,TMAX,27.8,,,E
ITE00100554,18000707,TMIN,22.1,,,E
GM000010962,18000707,PRCP,0,,,E
EZE00100082,18000707,TMAX,28.6,,,E
EZE00100082,18000707,TMIN,18,,,E
ITE00100554,18000708,TMAX,30,,,E
ITE00100554,18000708,TMIN,20.9,,,E
GM000010962,18000708,PRCP,4.3,,,E
EZE00100082,18000708,TMAX,29.3,,,E
EZE00100082,18000708,TMIN,18,,,E
ITE00100554,18000709,TMAX,30.4,,,E
ITE00100554,18000709,TMIN,22.5,,,E
GM000010962,18000709,PRCP,0,,,E
EZE00100082,18000709,TMAX,30.6,,,E
EZE00100082,18000709,TMIN,20.4,,,E
ITE00100554,18000710,TMAX,31.9,,,E
ITE00100554,18000710,TMIN,23.5,,,E
GM000010962,18000710,PRCP,11.7,,,E
EZE00100082,18000710,TMAX,29,,,E
EZE00100082,18000710,TMIN,19.5,,,E
ITE00100554,18000711,TMAX,30.4,,,E
ITE00100554,18000711,TMIN,23.8,,,E
GM000010962,18000711,PRCP,8.6,,,E
EZE00100082,18000711,TMAX,19.5,,,E
EZE00100082,18000711,TMIN,15.9,,,E
ITE00100554,18000712,TMAX,28.5,,,E
ITE00100554,18000712,TMIN,24.1,,,E
GM000010962,18000712,PRCP,0,,,E
EZE00100082,18000712,TMAX,24.4,,,E
EZE00100082,18000712,TMIN,16,,,E
ITE00100554,18000713,TMAX,30,,,E
ITE00100554,18000713,TMIN,23.1,,,E
GM000010962,18000713,PRCP,0,,,E
EZE00100082,18000713,TMAX,21.7,,,E
EZE00100082,18000713,TMIN,17.2,,,E
ITE00100554,18000714,TMAX,30,,,E
ITE00100554,18000714,TMIN,22.5,,,E
GM000010962,18000714,PRCP,0,,,E
EZE00100082,18000714,TMAX,18.6,,,E
EZE00100082,18000714,TMIN,14.4,,,E
ITE00100554,18000715,TMAX,26.6,,,E
ITE00100554,18000715,TMIN,22.5,,,E
GM000010962,18000715,PRCP,0.2,,,E
EZE00100082,18000715,TMAX,19.2,,,E
EZE00100082,18000715,TMIN,12.4,,,E
ITE00100554,18000716,TMAX,24.8,,,E
ITE00100554,18000716,TMIN,20.4,,,E
GM000010962,18000716,PRCP,0,,,E
EZE00100082,18000716,TMAX,18.5,,,E
EZE00100082,18000716,TMIN,13.3,,,E
ITE00100554,18000717,TMAX,27.5,,,E
ITE00100554,18000717,TMIN,20.9,,,E
GM000010962,18000717,PRCP,0,,,E
EZE00100082,18000717,TMAX,20.4,,,E
EZE00100082,18000717,TMIN,14,,,E
ITE00100554,18000718,TMAX,29.4,,,E
ITE00100554,18000718,TMIN,21.3,,,E
GM000010962,18000718,PRCP,0,,,E
EZE00100082,18000718,TMAX,19.3,,,E
EZE00100082,18000718,TMIN,14.2,,,E
ITE00100554,18000719,TMAX,28.4,,,E
ITE00100554,18000719,TMIN,22.5,,,E
GM000010962,18000719,PRCP,0,,,E
EZE00100082,18000719,TMAX,20,,,E
EZE00100082,18000719,TMIN,13.6,,,E
ITE00100554,18000720,TMAX,26.3,,,E
ITE00100554,18000720,TMIN,19.1,,,E
GM000010962,18000720,PRCP,0,,,E
EZE00100082,18000720,TMAX,20.4,,,E
EZE00100082,18000720,TMIN,13.2,,,E
ITE00100554,18000721,TMAX,28.5,,,E
ITE00100554,18000721,TMIN,19.1,,,E
GM000010962,18000721,PRCP,0.2,,,E
EZE00100082,18000721,TMAX,17,,,E
EZE00100082,18000721,TMIN,12.4,,,E
ITE00100554,18000722,TMAX,26.6,,,E
ITE00100554,18000722,TMIN,21.3,,,E
GM000010962,18000722,PRCP,8,,,E
EZE00100082,18000722,TMAX,17.8,,,E
EZE00100082,18000722,TMIN,13,,,E
ITE00100554,18000723,TMAX,25,,,E
ITE00100554,18000723,TMIN,16.3,,,E
GM000010962,18000723,PRCP,4,,,E
EZE00100082,18000723,TMAX,19,,,E
EZE00100082,18000723,TMIN,14.3,,,E
ITE00100554,18000724,TMAX,25.4,,,E
ITE00100554,18000724,TMIN,17.1,,,E
GM000010962,18000724,PRCP,1.1,,,E
EZE00100082,18000724,TMAX,21.3,,,E
EZE00100082,18000724,TMIN,15.5,,,E
ITE00100554,18000725,TMAX,26.9,,,E
ITE00100554,18000725,TMIN,19.1,,,E
GM000010962,18000725,PRCP,0,,,E
EZE00100082,18000725,TMAX,23.8,,,E
EZE00100082,18000725,TMIN,15.2,,,E
ITE00100554,18000726,TMAX,28.1,,,E
ITE00100554,18000726,TMIN,19.1,,,E
GM000010962,18000726,PRCP,0,,,E
EZE00100082,18000726,TMAX,22,,,E
EZE00100082,18000726,TMIN,14.4,,,E
ITE00100554,18000727,TMAX,27.1,,,E
ITE00100554,18000727,TMIN,20.6,,,E
GM000010962,18000727,PRCP,0,,,E
EZE00100082,18000727,TMAX,22.2,,,E
EZE00100082,18000727,TMIN,16.9,,,E
ITE00100554,18000728,TMAX,26.9,,,E
ITE00100554,18000728,TMIN,21.6,,,E
GM000010962,18000728,PRCP,0,,,E
EZE00100082,18000728,TMAX,23.3,,,E
EZE00100082,18000728,TMIN,14.4,,,E
ITE00100554,18000729,TMAX,24.1,,,E
ITE00100554,18000729,TMIN,20,,,E
GM000010962,18000729,PRCP,0,,,E
EZE00100082,18000729,TMAX,23,,,E
EZE00100082,18000729,TMIN,15,,,E
ITE00100554,18000730,TMAX,24.1,,,E
ITE00100554,18000730,TMIN,20,,,E
GM000010962,18000730,PRCP,0,,,E
EZE00100082,18000730,TMAX,23,,,E
EZE00100082,18000730,TMIN,12,,,E
ITE00100554,18000731,TMAX,27.1,,,E
ITE00100554,18000731,TMIN,18.8,,,E
GM000010962,18000731,PRCP,0,,,E
EZE00100082,18000731,TMAX,22.7,,,E
EZE00100082,18000731,TMIN,13.7,,,E
ITE00100554,18000801,TMAX,25,,,E
ITE00100554,18000801,TMIN,20,,,E
GM000010962,18000801,PRCP,0,,,E
EZE00100082,18000801,TMAX,24.2,,,E
EZE00100082,18000801,TMIN,14,,,E
ITE00100554,18000802,TMAX,26.3,,,E
ITE00100554,18000802,TMIN,18.8,,,E
GM000010962,18000802,PRCP,0,,,E
EZE00100082,18000802,TMAX,25,,,E
EZE00100082,18000802,TMIN,15.4,,,E
ITE00100554,18000803,TMAX,27.5,,,E
ITE00100554,18000803,TMIN,20,,,E
GM000010962,18000803,PRCP,0,,,E
EZE00100082,18000803,TMAX,28.1,,,E
EZE00100082,18000803,TMIN,18.3,,,E
ITE00100554,18000804,TMAX,28.8,,,E
ITE00100554,18000804,TMIN,20,,,E
GM000010962,18000804,PRCP,0,,,E
EZE00100082,18000804,TMAX,31.6,,,E
EZE00100082,18000804,TMIN,19.2,,,E
ITE00100554,18000805,TMAX,30.9,,,E
ITE00100554,18000805,TMIN,21,,,E
GM000010962,18000805,PRCP,0,,,E
EZE00100082,18000805,TMAX,24.8,,,E
EZE00100082,18000805,TMIN,16.8,,,E
ITE00100554,18000806,TMAX,28.8,,,E
ITE00100554,18000806,TMIN,21.3,,,E
GM000010962,18000806,PRCP,0,,,E
EZE00100082,18000806,TMAX,21.6,,,E
EZE00100082,18000806,TMIN,13.8,,,E
ITE00100554,18000807,TMAX,29.8,,,E
ITE00100554,18000807,TMIN,20,,,E
GM000010962,18000807,PRCP,0,,,E
EZE00100082,18000807,TMAX,21,,,E
EZE00100082,18000807,TMIN,14.1,,,E
ITE00100554,18000808,TMAX,22.3,,,E
ITE00100554,18000808,TMIN,14.3,,,E
GM000010962,18000808,PRCP,0,,,E
EZE00100082,18000808,TMAX,19.3,,,E
EZE00100082,18000808,TMIN,13.6,,,E
ITE00100554,18000809,TMAX,24,,,E
ITE00100554,18000809,TMIN,14.4,,,E
GM000010962,18000809,PRCP,0.9,,,E
EZE00100082,18000809,TMAX,21.4,,,E
EZE00100082,18000809,TMIN,11.7,,,E
ITE00100554,18000810,TMAX,24.6,,,E
ITE00100554,18000810,TMIN,15.9,,,E
GM000010962,18000810,PRCP,0,,,E
EZE00100082,18000810,TMAX,25.1,,,E
EZE00100082,18000810,TMIN,15.5,,,E
ITE00100554,18000811,TMAX,27.1,,,E
ITE00100554,18000811,TMIN,16.6,,,E
GM000010962,18000811,PRCP,0,,,E
EZE00100082,18000811,TMAX,24.6,,,E
EZE00100082,18000811,TMIN,15.5,,,E
ITE00100554,18000812,TMAX,25.9,,,E
ITE00100554,18000812,TMIN,18.4,,,E
GM000010962,18000812,PRCP,0,,,E
EZE00100082,18000812,TMAX,26.2,,,E
EZE00100082,18000812,TMIN,16.2,,,E
ITE00100554,18000813,TMAX,28.1,,,E
ITE00100554,18000813,TMIN,20.4,,,E
GM000010962,18000813,PRCP,0,,,E
EZE00100082,18000813,TMAX,28.7,,,E
EZE00100082,18000813,TMIN,16.5,,,E
ITE00100554,18000814,TMAX,28.4,,,E
ITE00100554,18000814,TMIN,22.1,,,E
GM000010962,18000814,PRCP,0,,,E
EZE00100082,18000814,TMAX,30.6,,,E
EZE00100082,18000814,TMIN,18,,,E
ITE00100554,18000815,TMAX,29.8,,,E
ITE00100554,18000815,TMIN,21.6,,,E
GM000010962,18000815,PRCP,0,,,E
EZE00100082,18000815,TMAX,30.7,,,E
EZE00100082,18000815,TMIN,18.1,,,E
ITE00100554,18000816,TMAX,30.4,,,E
ITE00100554,18000816,TMIN,21.6,,,E
GM000010962,18000816,PRCP,0,,,E
EZE00100082,18000816,TMAX,30.4,,,E
EZE00100082,18000816,TMIN,19.8,,,E
ITE00100554,18000817,TMAX,30.9,,,E
ITE00100554,18000817,TMIN,21.6,,,E
GM000010962,18000817,PRCP,0,,,E
EZE00100082,18000817,TMAX,27.5,,,E
EZE00100082,18000817,TMIN,17.8,,,E
ITE00100554,18000818,TMAX,31.3,,,E
ITE00100554,18000818,TMIN,22.1,,,E
GM000010962,18000818,PRCP,0,,,E
EZE00100082,18000818,TMAX,32.3,,,E
EZE00100082,18000818,TMIN,18.5,,,E
ITE00100554,18000819,TMAX,32.3,,,E
ITE00100554,18000819,TMIN,23.8,,,E
GM000010962,18000819,PRCP,0,,,E
EZE00100082,18000819,TMAX,29,,,E
EZE00100082,18000819,TMIN,19.5,,,E
ITE00100554,18000820,TMAX,31,,,E
ITE00100554,18000820,TMIN,23.5,,,E
GM000010962,18000820,PRCP,0,,,E
EZE00100082,18000820,TMAX,27.4,,,E
EZE00100082,18000820,TMIN,20.2,,,E
ITE00100554,18000821,TMAX,29.8,,,E
ITE00100554,18000821,TMIN,23.1,,,E
GM000010962,18000821,PRCP,3.6,,,E
EZE00100082,18000821,TMAX,25.3,,,E
EZE00100082,18000821,TMIN,19.5,,,E
ITE00100554,18000822,TMAX,27.9,,,E
ITE00100554,18000822,TMIN,20.9,,,E
GM000010962,18000822,PRCP,19.5,,,E
EZE00100082,18000822,TMAX,20.6,,,E
EZE00100082,18000822,TMIN,15.8,,,E
ITE00100554,18000823,TMAX,21.3,,,E
ITE00100554,18000823,TMIN,20.4,,,E
GM000010962,18000823,PRCP,0,,,E
EZE00100082,18000823,TMAX,23.1,,,E
EZE00100082,18000823,TMIN,11.9,,,E
ITE00100554,18000824,TMAX,22.9,,,E
ITE00100554,18000824,TMIN,14.8,,,E
GM000010962,18000824,PRCP,3.3,,,E
EZE00100082,18000824,TMAX,21.3,,,E
EZE00100082,18000824,TMIN,15.4,,,E
ITE00100554,18000825,TMAX,24.1,,,E
ITE00100554,18000825,TMIN,17.1,,,E
GM000010962,18000825,PRCP,0,,,E
EZE00100082,18000825,TMAX,20,,,E
EZE00100082,18000825,TMIN,13.3,,,E
ITE00100554,18000826,TMAX,21,,,E
ITE00100554,18000826,TMIN,15.9,,,E
GM000010962,18000826,PRCP,5.1,,,E
EZE00100082,18000826,TMAX,21.5,,,E
EZE00100082,18000826,TMIN,15.1,,,E
ITE00100554,18000827,TMAX,23.4,,,E
ITE00100554,18000827,TMIN,14.6,,,E
GM000010962,18000827,PRCP,26.8,,,E
EZE00100082,18000827,TMAX,22,,,E
EZE00100082,18000827,TMIN,14.8,,,E
ITE00100554,18000828,TMAX,23.4,,,E
ITE00100554,18000828,TMIN,15.4,,,E
GM000010962,18000828,PRCP,0,,,E
EZE00100082,18000828,TMAX,20.3,,,E
EZE00100082,18000828,TMIN,15.8,,,E
ITE00100554,18000829,TMAX,24.1,,,E
ITE00100554,18000829,TMIN,17.9,,,E
GM000010962,18000829,PRCP,0,,,E
EZE00100082,18000829,TMAX,20.3,,,E
EZE00100082,18000829,TMIN,14.9,,,E
ITE00100554,18000830,TMAX,24.1,,,E
ITE00100554,18000830,TMIN,16.3,,,E
GM000010962,18000830,PRCP,4,,,E
EZE00100082,18000830,TMAX,19.6,,,E
EZE00100082,18000830,TMIN,15.4,,,E
ITE00100554,18000831,TMAX,24,,,E
ITE00100554,18000831,TMIN,16.5,,,E
GM000010962,18000831,PRCP,5,,,E
EZE00100082,18000831,TMAX,17.7,,,E
EZE00100082,18000831,TMIN,14.7,,,E
ITE00100554,18000901,TMAX,24.1,,,E
ITE00100554,18000901,TMIN,18.4,,,E
GM000010962,18000901,PRCP,3.1,,,E
EZE00100082,18000901,TMAX,19.3,,,E
EZE00100082,18000901,TMIN,14.8,,,E
ITE00100554,18000902,TMAX,17.9,,,E
ITE00100554,18000902,TMIN,17.9,,,E
GM000010962,18000902,PRCP,0,,,E
EZE00100082,18000902,TMAX,20.9,,,E
EZE00100082,18000902,TMIN,15.2,,,E
ITE00100554,18000903,TMAX,21.6,,,E
ITE00100554,18000903,TMIN,16.6,,,E
GM000010962,18000903,PRCP,0.2,,,E
EZE00100082,18000903,TMAX,19.7,,,E
EZE00100082,18000903,TMIN,15.7,,,E
ITE00100554,18000904,TMAX,22.9,,,E
ITE00100554,18000904,TMIN,16.6,,,E
GM000010962,18000904,PRCP,0.2,,,E
EZE00100082,18000904,TMAX,21.4,,,E
EZE00100082,18000904,TMIN,14.1,,,E
ITE00100554,18000905,TMAX,23.8,,,E
ITE00100554,18000905,TMIN,19.1,,,E
GM000010962,18000905,PRCP,0,,,E
EZE00100082,18000905,TMAX,21,,,E
EZE00100082,18000905,TMIN,15.4,,,E
ITE00100554,18000906,TMAX,23.8,,,E
ITE00100554,18000906,TMIN,17.9,,,E
GM000010962,18000906,PRCP,2,,,E
EZE00100082,18000906,TMAX,22.5,,,E
EZE00100082,18000906,TMIN,17.3,,,E
ITE00100554,18000907,TMAX,22.3,,,E
ITE00100554,18000907,TMIN,17.8,,,E
GM000010962,18000907,PRCP,0,,,E
EZE00100082,18000907,TMAX,23,,,E
EZE00100082,18000907,TMIN,14.6,,,E
ITE00100554,18000908,TMAX,23.8,,,E
ITE00100554,18000908,TMIN,17.5,,,E
GM000010962,18000908,PRCP,5.6,,,E
EZE00100082,18000908,TMAX,22.7,,,E
EZE00100082,18000908,TMIN,18.4,,,E
ITE00100554,18000909,TMAX,25,,,E
ITE00100554,18000909,TMIN,18.8,,,E
GM000010962,18000909,PRCP,1.1,,,E
EZE00100082,18000909,TMAX,19.4,,,E
EZE00100082,18000909,TMIN,16.3,,,E
ITE00100554,18000910,TMAX,23.8,,,E
ITE00100554,18000910,TMIN,18.8,,,E
GM000010962,18000910,PRCP,0,,,E
EZE00100082,18000910,TMAX,20.2,,,E
EZE00100082,18000910,TMIN,15.2,,,E
ITE00100554,18000911,TMAX,24.8,,,E
ITE00100554,18000911,TMIN,16.3,,,E
GM000010962,18000911,PRCP,11,,,E
EZE00100082,18000911,TMAX,18.1,,,E
EZE00100082,18000911,TMIN,15.7,,,E
ITE00100554,18000912,TMAX,23.8,,,E
ITE00100554,18000912,TMIN,16.3,,,E
GM000010962,18000912,PRCP,0.1,,,E
EZE00100082,18000912,TMAX,18.6,,,E
EZE00100082,18000912,TMIN,14.1,,,E
ITE00100554,18000913,TMAX,24.1,,,E
ITE00100554,18000913,TMIN,15.4,,,E
GM000010962,18000913,PRCP,0,,,E
EZE00100082,18000913,TMAX,17.7,,,E
EZE00100082,18000913,TMIN,11.6,,,E
ITE00100554,18000914,TMAX,22.9,,,E
ITE00100554,18000914,TMIN,16.6,,,E
GM000010962,18000914,PRCP,0,,,E
EZE00100082,18000914,TMAX,18.3,,,E
EZE00100082,18000914,TMIN,10.4,,,E
ITE00100554,18000915,TMAX,22.5,,,E
ITE00100554,18000915,TMIN,15.9,,,E
GM000010962,18000915,PRCP,0,,,E
EZE00100082,18000915,TMAX,19.8,,,E
EZE00100082,18000915,TMIN,11.5,,,E
ITE00100554,18000916,TMAX,22.9,,,E
ITE00100554,18000916,TMIN,15.4,,,E
GM000010962,18000916,PRCP,0,,,E
EZE00100082,18000916,TMAX,20.5,,,E
EZE00100082,18000916,TMIN,11.1,,,E
ITE00100554,18000917,TMAX,23.5,,,E
ITE00100554,18000917,TMIN,16.3,,,E
GM000010962,18000917,PRCP,0,,,E
EZE00100082,18000917,TMAX,19.9,,,E
EZE00100082,18000917,TMIN,11,,,E
ITE00100554,18000918,TMAX,24.6,,,E
ITE00100554,18000918,TMIN,17.5,,,E
GM000010962,18000918,PRCP,0.4,,,E
EZE00100082,18000918,TMAX,21.7,,,E
EZE00100082,18000918,TMIN,11.8,,,E
ITE00100554,18000919,TMAX,24.1,,,E
ITE00100554,18000919,TMIN,18.4,,,E
GM000010962,18000919,PRCP,0,,,E
EZE00100082,18000919,TMAX,21.7,,,E
EZE00100082,18000919,TMIN,16.5,,,E
ITE00100554,18000920,TMAX,22.5,,,E
ITE00100554,18000920,TMIN,19.1,,,E
GM000010962,18000920,PRCP,0.2,,,E
EZE00100082,18000920,TMAX,21,,,E
EZE00100082,18000920,TMIN,14.2,,,E
ITE00100554,18000921,TMAX,23.1,,,E
ITE00100554,18000921,TMIN,19.1,,,E
GM000010962,18000921,PRCP,8.5,,,E
EZE00100082,18000921,TMAX,19.3,,,E
EZE00100082,18000921,TMIN,15.5,,,E
ITE00100554,18000922,TMAX,23.5,,,E
ITE00100554,18000922,TMIN,18.5,,,E
GM000010962,18000922,PRCP,3.3,,,E
EZE00100082,18000922,TMAX,16.9,,,E
EZE00100082,18000922,TMIN,13.6,,,E
ITE00100554,18000923,TMAX,23.4,,,E
ITE00100554,18000923,TMIN,16.3,,,E
GM000010962,18000923,PRCP,1.4,,,E
EZE00100082,18000923,TMAX,17,,,E
EZE00100082,18000923,TMIN,13.1,,,E
ITE00100554,18000924,TMAX,23.4,,,E
ITE00100554,18000924,TMIN,16.9,,,E
GM000010962,18000924,PRCP,4.9,,,E
EZE00100082,18000924,TMAX,16.4,,,E
EZE00100082,18000924,TMIN,13.2,,,E
ITE00100554,18000925,TMAX,23.8,,,E
ITE00100554,18000925,TMIN,17.1,,,E
GM000010962,18000925,PRCP,3,,,E
EZE00100082,18000925,TMAX,15.6,,,E
EZE00100082,18000925,TMIN,12.5,,,E
ITE00100554,18000926,TMAX,19.8,,,E
ITE00100554,18000926,TMIN,18.1,,,E
GM000010962,18000926,PRCP,1,,,E
EZE00100082,18000926,TMAX,14.4,,,E
EZE00100082,18000926,TMIN,11.5,,,E
ITE00100554,18000927,TMAX,21.3,,,E
ITE00100554,18000927,TMIN,12.9,,,E
GM000010962,18000927,PRCP,1.1,,,E
EZE00100082,18000927,TMAX,13.4,,,E
EZE00100082,18000927,TMIN,11.6,,,E
ITE00100554,18000928,TMAX,21.3,,,E
ITE00100554,18000928,TMIN,18.1,,,E
GM000010962,18000928,PRCP,1.4,,,E
EZE00100082,18000928,TMAX,15.8,,,E
EZE00100082,18000928,TMIN,11.4,,,E
ITE00100554,18000929,TMAX,19.6,,,E
ITE00100554,18000929,TMIN,11.9,,,E
GM000010962,18000929,PRCP,1.3,,,E
EZE00100082,18000929,TMAX,13.1,,,E
EZE00100082,18000929,TMIN,9.1,,,E
ITE00100554,18000930,TMAX,20,,,E
ITE00100554,18000930,TMIN,10,,,E
GM000010962,18000930,PRCP,0,,,E
EZE00100082,18000930,TMAX,15.7,,,E
EZE00100082,18000930,TMIN,8.5,,,E
ITE00100554,18001001,TMAX,18.8,,,E
ITE00100554,18001001,TMIN,12.9,,,E
GM000010962,18001001,PRCP,4.5,,,E
EZE00100082,18001001,TMAX,13.3,,,E
EZE00100082,18001001,TMIN,11,,,E
ITE00100554,18001002,TMAX,19.4,,,E
ITE00100554,18001002,TMIN,14.4,,,E
GM000010962,18001002,PRCP,12.7,,,E
EZE00100082,18001002,TMAX,13.5,,,E
EZE00100082,18001002,TMIN,9.8,,,E
ITE00100554,18001003,TMAX,20,,,E
ITE00100554,18001003,TMIN,14.4,,,E
GM000010962,18001003,PRCP,14.9,,,E
EZE00100082,18001003,TMAX,16.4,,,E
EZE00100082,18001003,TMIN,9.4,,,E
ITE00100554,18001004,TMAX,20,,,E
ITE00100554,18001004,TMIN,16.3,,,E
GM000010962,18001004,PRCP,4.8,,,E
EZE00100082,18001004,TMAX,13.6,,,E
EZE00100082,18001004,TMIN,10.9,,,E
ITE00100554,18001005,TMAX,18.5,,,E
ITE00100554,18001005,TMIN,14.1,,,E
GM000010962,18001005,PRCP,0,,,E
EZE00100082,18001005,TMAX,15,,,E
EZE00100082,18001005,TMIN,9.5,,,E
ITE00100554,18001006,TMAX,18.1,,,E
ITE00100554,18001006,TMIN,15,,,E
GM000010962,18001006,PRCP,0,,,E
EZE00100082,18001006,TMAX,14.9,,,E
EZE00100082,18001006,TMIN,7.6,,,E
ITE00100554,18001007,TMAX,16.9,,,E
ITE00100554,18001007,TMIN,15.4,,,E
GM000010962,18001007,PRCP,0,,,E
EZE00100082,18001007,TMAX,16.3,,,E
EZE00100082,18001007,TMIN,9.8,,,E
ITE00100554,18001008,TMAX,18.4,,,E
ITE00100554,18001008,TMIN,16.5,,,E
GM000010962,18001008,PRCP,0,,,E
EZE00100082,18001008,TMAX,16.5,,,E
EZE00100082,18001008,TMIN,10.4,,,E
ITE00100554,18001009,TMAX,18.4,,,E
ITE00100554,18001009,TMIN,16.6,,,E
GM000010962,18001009,PRCP,4.9,,,E
EZE00100082,18001009,TMAX,17.4,,,E
EZE00100082,18001009,TMIN,12,,,E
ITE00100554,18001010,TMAX,18.1,,,E
ITE00100554,18001010,TMIN,15,,,E
GM000010962,18001010,PRCP,3.2,,,E
EZE00100082,18001010,TMAX,16.9,,,E
EZE00100082,18001010,TMIN,12.5,,,E
ITE00100554,18001011,TMAX,18.8,,,E
ITE00100554,18001011,TMIN,15,,,E
GM000010962,18001011,PRCP,3.2,,,E
EZE00100082,18001011,TMAX,13.6,,,E
EZE00100082,18001011,TMIN,9.7,,,E
ITE00100554,18001012,TMAX,17.5,,,E
ITE00100554,18001012,TMIN,12.3,,,E
GM000010962,18001012,PRCP,0,,,E
EZE00100082,18001012,TMAX,14.7,,,E
EZE00100082,18001012,TMIN,9.9,,,E
ITE00100554,18001013,TMAX,17.5,,,E
ITE00100554,18001013,TMIN,11.3,,,E
GM000010962,18001013,PRCP,1.1,,,E
EZE00100082,18001013,TMAX,12.7,,,E
EZE00100082,18001013,TMIN,9.8,,,E
ITE00100554,18001014,TMAX,17.1,,,E
ITE00100554,18001014,TMIN,10,,,E
GM000010962,18001014,PRCP,0,,,E
EZE00100082,18001014,TMAX,13.5,,,E
EZE00100082,18001014,TMIN,9.3,,,E
ITE00100554,18001015,TMAX,17.1,,,E
ITE00100554,18001015,TMIN,9.6,,,E
GM000010962,18001015,PRCP,0,,,E
EZE00100082,18001015,TMAX,12.4,,,E
EZE00100082,18001015,TMIN,9.7,,,E
ITE00100554,18001016,TMAX,16.6,,,E
ITE00100554,18001016,TMIN,10.9,,,E
GM000010962,18001016,PRCP,3.3,,,E
EZE00100082,18001016,TMAX,11.9,,,E
EZE00100082,18001016,TMIN,7.2,,,E
ITE00100554,18001017,TMAX,18.4,,,E
ITE00100554,18001017,TMIN,11.6,,,E
GM000010962,18001017,PRCP,1.5,,,E
EZE00100082,18001017,TMAX,8.1,,,E
EZE00100082,18001017,TMIN,4.8,,,E
ITE00100554,18001018,TMAX,15.4,,,E
ITE00100554,18001018,TMIN,10.4,,,E
GM000010962,18001018,PRCP,1.1,,,E
EZE00100082,18001018,TMAX,9.9,,,E
EZE00100082,18001018,TMIN,2.2,,,E
ITE00100554,18001019,TMAX,15,,,E
ITE00100554,18001019,TMIN,7.5,,,E
GM000010962,18001019,PRCP,0,,,E
EZE00100082,18001019,TMAX,12.7,,,E
EZE00100082,18001019,TMIN,8.5,,,E
ITE00100554,18001020,TMAX,14.9,,,E
ITE00100554,18001020,TMIN,6.9,,,E
GM000010962,18001020,PRCP,0,,,E
EZE00100082,18001020,TMAX,13.6,,,E
EZE00100082,18001020,TMIN,7.5,,,E
ITE00100554,18001021,TMAX,14.8,,,E
ITE00100554,18001021,TMIN,7.1,,,E
GM000010962,18001021,PRCP,0,,,E
EZE00100082,18001021,TMAX,13.3,,,E
EZE00100082,18001021,TMIN,6,,,E
ITE00100554,18001022,TMAX,12.9,,,E
ITE00100554,18001022,TMIN,11,,,E
GM000010962,18001022,PRCP,1.2,,,E
EZE00100082,18001022,TMAX,10.6,,,E
EZE00100082,18001022,TMIN,5.2,,,E
ITE00100554,18001023,TMAX,11.6,,,E
ITE00100554,18001023,TMIN,11.3,,,E
GM000010962,18001023,PRCP,1.1,,,E
EZE00100082,18001023,TMAX,7.5,,,E
EZE00100082,18001023,TMIN,4.4,,,E
ITE00100554,18001024,TMAX,10.4,,,E
ITE00100554,18001024,TMIN,4.4,,,E
GM000010962,18001024,PRCP,0,,,E
EZE00100082,18001024,TMAX,9.2,,,E
EZE00100082,18001024,TMIN,3.3,,,E
ITE00100554,18001025,TMAX,12.1,,,E
ITE00100554,18001025,TMIN,3.1,,,E
GM000010962,18001025,PRCP,0,,,E
EZE00100082,18001025,TMAX,7.6,,,E
EZE00100082,18001025,TMIN,-1.1,,,E
ITE00100554,18001026,TMAX,12.9,,,E
ITE00100554,18001026,TMIN,5,,,E
GM000010962,18001026,PRCP,0,,,E
EZE00100082,18001026,TMAX,9,,,E
EZE00100082,18001026,TMIN,5.5,,,E
ITE00100554,18001027,TMAX,13.4,,,E
ITE00100554,18001027,TMIN,6,,,E
GM000010962,18001027,PRCP,0,,,E
EZE00100082,18001027,TMAX,10.2,,,E
EZE00100082,18001027,TMIN,4.5,,,E
ITE00100554,18001028,TMAX,14.8,,,E
ITE00100554,18001028,TMIN,12.5,,,E
GM000010962,18001028,PRCP,0,,,E
EZE00100082,18001028,TMAX,9.9,,,E
EZE00100082,18001028,TMIN,5.9,,,E
ITE00100554,18001029,TMAX,15,,,E
ITE00100554,18001029,TMIN,11.3,,,E
GM000010962,18001029,PRCP,0.2,,,E
EZE00100082,18001029,TMAX,9.7,,,E
EZE00100082,18001029,TMIN,6,,,E
ITE00100554,18001030,TMAX,15,,,E
ITE00100554,18001030,TMIN,11.6,,,E
GM000010962,18001030,PRCP,0,,,E
EZE00100082,18001030,TMAX,12.3,,,E
EZE00100082,18001030,TMIN,7,,,E
ITE00100554,18001031,TMAX,12.5,,,E
ITE00100554,18001031,TMIN,11.6,,,E
GM000010962,18001031,PRCP,0,,,E
EZE00100082,18001031,TMAX,9,,,E
EZE00100082,18001031,TMIN,2.2,,,E
ITE00100554,18001101,TMAX,15,,,E
ITE00100554,18001101,TMIN,11.6,,,E
GM000010962,18001101,PRCP,2,,,E
EZE00100082,18001101,TMAX,8.8,,,E
EZE00100082,18001101,TMIN,5.7,,,E
ITE00100554,18001102,TMAX,14.1,,,E
ITE00100554,18001102,TMIN,11.6,,,E
GM000010962,18001102,PRCP,6.3,,,E
EZE00100082,18001102,TMAX,9.3,,,E
EZE00100082,18001102,TMIN,6,,,E
ITE00100554,18001103,TMAX,13.5,,,E
ITE00100554,18001103,TMIN,9,,,E
GM000010962,18001103,PRCP,0,,,E
EZE00100082,18001103,TMAX,11.4,,,E
EZE00100082,18001103,TMIN,7.9,,,E
ITE00100554,18001104,TMAX,11.3,,,E
ITE00100554,18001104,TMIN,10.6,,,E
GM000010962,18001104,PRCP,0,,,E
EZE00100082,18001104,TMAX,11.6,,,E
EZE00100082,18001104,TMIN,7.9,,,E
ITE00100554,18001105,TMAX,10.9,,,E
ITE00100554,18001105,TMIN,10,,,E
GM000010962,18001105,PRCP,5.4,,,E
EZE00100082,18001105,TMAX,8.5,,,E
EZE00100082,18001105,TMIN,6.1,,,E
ITE00100554,18001106,TMAX,11.3,,,E
ITE00100554,18001106,TMIN,4.8,,,E
GM000010962,18001106,PRCP,5.9,,,E
EZE00100082,18001106,TMAX,8.4,,,E
EZE00100082,18001106,TMIN,5.1,,,E
ITE00100554,18001107,TMAX,12.3,,,E
ITE00100554,18001107,TMIN,5,,,E
GM000010962,18001107,PRCP,2.5,,,E
EZE00100082,18001107,TMAX,8.6,,,E
EZE00100082,18001107,TMIN,4.5,,,E
ITE00100554,18001108,TMAX,11,,,E
ITE00100554,18001108,TMIN,9.8,,,E
GM000010962,18001108,PRCP,0,,,E
EZE00100082,18001108,TMAX,12.2,,,E
EZE00100082,18001108,TMIN,7.4,,,E
ITE00100554,18001109,TMAX,11.3,,,E
ITE00100554,18001109,TMIN,10.9,,,E
GM000010962,18001109,PRCP,0.4,,,E
EZE00100082,18001109,TMAX,17.3,,,E
EZE00100082,18001109,TMIN,12.2,,,E
ITE00100554,18001110,TMAX,14.6,,,E
ITE00100554,18001110,TMIN,10.4,,,E
GM000010962,18001110,PRCP,0,,,E
EZE00100082,18001110,TMAX,14.7,,,E
EZE00100082,18001110,TMIN,6.4,,,E
ITE00100554,18001111,TMAX,14.6,,,E
ITE00100554,18001111,TMIN,11.6,,,E
GM000010962,18001111,PRCP,0,,,E
EZE00100082,18001111,TMAX,9.7,,,E
EZE00100082,18001111,TMIN,4.3,,,E
ITE00100554,18001112,TMAX,13.4,,,E
ITE00100554,18001112,TMIN,12.1,,,E
GM000010962,18001112,PRCP,0,,,E
EZE00100082,18001112,TMAX,10.3,,,E
EZE00100082,18001112,TMIN,4.5,,,E
ITE00100554,18001113,TMAX,11.3,,,E
ITE00100554,18001113,TMIN,9.8,,,E
GM000010962,18001113,PRCP,4.2,,,E
EZE00100082,18001113,TMAX,8,,,E
EZE00100082,18001113,TMIN,5,,,E
ITE00100554,18001114,TMAX,13.1,,,E
ITE00100554,18001114,TMIN,8.8,,,E
GM000010962,18001114,PRCP,3.9,,,E
EZE00100082,18001114,TMAX,8.1,,,E
EZE00100082,18001114,TMIN,2.7,,,E
ITE00100554,18001115,TMAX,11.9,,,E
ITE00100554,18001115,TMIN,6.6,,,E
GM000010962,18001115,PRCP,0,,,E
EZE00100082,18001115,TMAX,4.4,,,E
EZE00100082,18001115,TMIN,0.1,,,E
ITE00100554,18001116,TMAX,9.4,,,E
ITE00100554,18001116,TMIN,9.4,,,E
GM000010962,18001116,PRCP,0,,,E
EZE00100082,18001116,TMAX,6.3,,,E
EZE00100082,18001116,TMIN,3,,,E
ITE00100554,18001117,TMAX,9.4,,,E
ITE00100554,18001117,TMIN,7.9,,,E
GM000010962,18001117,PRCP,4.7,,,E
EZE00100082,18001117,TMAX,7,,,E
EZE00100082,18001117,TMIN,4.4,,,E
ITE00100554,18001118,TMAX,9.8,,,E
ITE00100554,18001118,TMIN,5.4,,,E
GM000010962,18001118,PRCP,1.3,,,E
EZE00100082,18001118,TMAX,7,,,E
EZE00100082,18001118,TMIN,5,,,E
ITE00100554,18001119,TMAX,10.9,,,E
ITE00100554,18001119,TMIN,8.1,,,E
GM000010962,18001119,PRCP,11.4,,,E
EZE00100082,18001119,TMAX,6.8,,,E
EZE00100082,18001119,TMIN,5.5,,,E
ITE00100554,18001120,TMAX,11.6,,,E
ITE00100554,18001120,TMIN,5.4,,,E
GM000010962,18001120,PRCP,6.2,,,E
EZE00100082,18001120,TMAX,5.7,,,E
EZE00100082,18001120,TMIN,1.5,,,E
ITE00100554,18001121,TMAX,9.1,,,E
ITE00100554,18001121,TMIN,4.6,,,E
GM000010962,18001121,PRCP,0.7,,,E
EZE00100082,18001121,TMAX,2.9,,,E
EZE00100082,18001121,TMIN,0.2,,,E
ITE00100554,18001122,TMAX,6,,,E
ITE00100554,18001122,TMIN,5.4,,,E
GM000010962,18001122,PRCP,0,,,E
EZE00100082,18001122,TMAX,3.4,,,E
EZE00100082,18001122,TMIN,0,,,E
ITE00100554,18001123,TMAX,6.9,,,E
ITE00100554,18001123,TMIN,2.1,,,E
GM000010962,18001123,PRCP,0,,,E
EZE00100082,18001123,TMAX,5.8,,,E
EZE00100082,18001123,TMIN,3,,,E
ITE00100554,18001124,TMAX,6.3,,,E
ITE00100554,18001124,TMIN,1.9,,,E
GM000010962,18001124,PRCP,0,,,E
EZE00100082,18001124,TMAX,6.9,,,E
EZE00100082,18001124,TMIN,1.4,,,E
ITE00100554,18001125,TMAX,6.3,,,E
ITE00100554,18001125,TMIN,4,,,E
GM000010962,18001125,PRCP,0,,,E
EZE00100082,18001125,TMAX,4.3,,,E
EZE00100082,18001125,TMIN,-0.5,,,E
ITE00100554,18001126,TMAX,5.9,,,E
ITE00100554,18001126,TMIN,5.4,,,E
GM000010962,18001126,PRCP,0,,,E
EZE00100082,18001126,TMAX,4.5,,,E
EZE00100082,18001126,TMIN,-0.6,,,E
ITE00100554,18001127,TMAX,4.8,,,E
ITE00100554,18001127,TMIN,4.1,,,E
GM000010962,18001127,PRCP,8.6,,,E
EZE00100082,18001127,TMAX,5.6,,,E
EZE00100082,18001127,TMIN,3.8,,,E
ITE00100554,18001128,TMAX,6.3,,,E
ITE00100554,18001128,TMIN,4.8,,,E
GM000010962,18001128,PRCP,5.6,,,E
EZE00100082,18001128,TMAX,3.8,,,E
EZE00100082,18001128,TMIN,1.7,,,E
ITE00100554,18001129,TMAX,6.6,,,E
ITE00100554,18001129,TMIN,5.9,,,E
GM000010962,18001129,PRCP,1.3,,,E
EZE00100082,18001129,TMAX,4.2,,,E
EZE00100082,18001129,TMIN,1.7,,,E
ITE00100554,18001130,TMAX,6.6,,,E
ITE00100554,18001130,TMIN,2.5,,,E
GM000010962,18001130,PRCP,0,,,E
EZE00100082,18001130,TMAX,2.2,,,E
EZE00100082,18001130,TMIN,0,,,E
ITE00100554,18001201,TMAX,2.9,,,E
ITE00100554,18001201,TMIN,0.9,,,E
GM000010962,18001201,PRCP,0.7,,,E
EZE00100082,18001201,TMAX,3.4,,,E
EZE00100082,18001201,TMIN,-0.2,,,E
ITE00100554,18001202,TMAX,1,,,E
ITE00100554,18001202,TMIN,-2.3,,,E
GM000010962,18001202,PRCP,0,,,E
EZE00100082,18001202,TMAX,3.9,,,E
EZE00100082,18001202,TMIN,-0.5,,,E
ITE00100554,18001203,TMAX,1.6,,,E
ITE00100554,18001203,TMIN,-0.4,,,E
GM000010962,18001203,PRCP,1.4,,,E
EZE00100082,18001203,TMAX,4.9,,,E
EZE00100082,18001203,TMIN,1.1,,,E
ITE00100554,18001204,TMAX,1.3,,,E
ITE00100554,18001204,TMIN,0.4,,,E
GM000010962,18001204,PRCP,0,,,E
EZE00100082,18001204,TMAX,3.4,,,E
EZE00100082,18001204,TMIN,-0.5,,,E
ITE00100554,18001205,TMAX,5.4,,,E
ITE00100554,18001205,TMIN,1.9,,,E
GM000010962,18001205,PRCP,0,,,E
EZE00100082,18001205,TMAX,2.3,,,E
EZE00100082,18001205,TMIN,0.4,,,E
ITE00100554,18001206,TMAX,2.9,,,E
ITE00100554,18001206,TMIN,1.3,,,E
GM000010962,18001206,PRCP,0,,,E
EZE00100082,18001206,TMAX,6.3,,,E
EZE00100082,18001206,TMIN,1.9,,,E
ITE00100554,18001207,TMAX,1.3,,,E
ITE00100554,18001207,TMIN,0.3,,,E
GM000010962,18001207,PRCP,0,,,E
EZE00100082,18001207,TMAX,3.8,,,E
EZE00100082,18001207,TMIN,0,,,E
ITE00100554,18001208,TMAX,0,,,E
ITE00100554,18001208,TMIN,-0.4,,,E
GM000010962,18001208,PRCP,0,,,E
EZE00100082,18001208,TMAX,2.4,,,E
EZE00100082,18001208,TMIN,-0.4,,,E
ITE00100554,18001209,TMAX,1,,,E
ITE00100554,18001209,TMIN,-1,,,E
GM000010962,18001209,PRCP,0,,,E
EZE00100082,18001209,TMAX,2.4,,,E
EZE00100082,18001209,TMIN,-1.7,,,E
ITE00100554,18001210,TMAX,2.1,,I,E
ITE00100554,18001210,TMIN,1,,,E
GM000010962,18001210,PRCP,0,,,E
EZE00100082,18001210,TMAX,2.7,,,E
EZE00100082,18001210,TMIN,-0.9,,,E
ITE00100554,18001211,TMAX,4.1,,,E
ITE00100554,18001211,TMIN,3.5,,I,E
GM000010962,18001211,PRCP,0,,,E
EZE00100082,18001211,TMAX,4.7,,,E
EZE00100082,18001211,TMIN,2.3,,,E
ITE00100554,18001212,TMAX,4.6,,,E
ITE00100554,18001212,TMIN,2.9,,,E
GM000010962,18001212,PRCP,0,,,E
EZE00100082,18001212,TMAX,4.4,,,E
EZE00100082,18001212,TMIN,3.5,,,E
ITE00100554,18001213,TMAX,7.1,,,E
ITE00100554,18001213,TMIN,4.6,,,E
GM000010962,18001213,PRCP,0,,,E
EZE00100082,18001213,TMAX,4.5,,,E
EZE00100082,18001213,TMIN,3.5,,,E
ITE00100554,18001214,TMAX,8.5,,,E
ITE00100554,18001214,TMIN,6.6,,,E
GM000010962,18001214,PRCP,0,,,E
EZE00100082,18001214,TMAX,3.8,,,E
EZE00100082,18001214,TMIN,2.7,,,E
ITE00100554,18001215,TMAX,9.1,,,E
ITE00100554,18001215,TMIN,7.3,,,E
GM000010962,18001215,PRCP,0,,,E
EZE00100082,18001215,TMAX,2.7,,,E
EZE00100082,18001215,TMIN,2.3,,,E
ITE00100554,18001216,TMAX,6.6,,,E
ITE00100554,18001216,TMIN,6,,,E
GM000010962,18001216,PRCP,0,,,E
EZE00100082,18001216,TMAX,2.3,,,E
EZE00100082,18001216,TMIN,-0.3,,,E
ITE00100554,18001217,TMAX,5,,,E
ITE00100554,18001217,TMIN,5,,,E
GM000010962,18001217,PRCP,0,,,E
EZE00100082,18001217,TMAX,-0.1,,,E
EZE00100082,18001217,TMIN,-1.4,,,E
ITE00100554,18001218,TMAX,5.4,,,E
ITE00100554,18001218,TMIN,4.8,,I,E
GM000010962,18001218,PRCP,0,,,E
EZE00100082,18001218,TMAX,-0.8,,,E
EZE00100082,18001218,TMIN,-3.5,,,E
ITE00100554,18001219,TMAX,2.9,,I,E
ITE00100554,18001219,TMIN,2.9,,I,E
GM000010962,18001219,PRCP,0,,,E
EZE00100082,18001219,TMAX,-1.4,,,E
EZE00100082,18001219,TMIN,-5.6,,,E
ITE00100554,18001220,TMAX,1.3,,I,E
ITE00100554,18001220,TMIN,1,,,E
GM000010962,18001220,PRCP,0,,,E
EZE00100082,18001220,TMAX,-1.4,,,E
EZE00100082,18001220,TMIN,-6.4,,,E
ITE00100554,18001221,TMAX,1,,,E
ITE00100554,18001221,TMIN,-1.3,,,E
GM000010962,18001221,PRCP,0,,,E
EZE00100082,18001221,TMAX,0.4,,,E
EZE00100082,18001221,TMIN,-8.3,,,E
ITE00100554,18001222,TMAX,1.6,,,E
ITE00100554,18001222,TMIN,-1.3,,,E
GM000010962,18001222,PRCP,1.3,,,E
EZE00100082,18001222,TMAX,5.4,,,E
EZE00100082,18001222,TMIN,0.4,,,E
ITE00100554,18001223,TMAX,2.3,,,E
ITE00100554,18001223,TMIN,-1.6,,,E
GM000010962,18001223,PRCP,0,,,E
EZE00100082,18001223,TMAX,5.2,,,E
EZE00100082,18001223,TMIN,3,,,E
ITE00100554,18001224,TMAX,1.6,,,E
ITE00100554,18001224,TMIN,0.4,,,E
GM000010962,18001224,PRCP,0,,,E
EZE00100082,18001224,TMAX,3,,,E
EZE00100082,18001224,TMIN,0.6,,,E
ITE00100554,18001225,TMAX,2.5,,,E
ITE00100554,18001225,TMIN,1.3,,,E
GM000010962,18001225,PRCP,0,,,E
EZE00100082,18001225,TMAX,2.1,,,E
EZE00100082,18001225,TMIN,1.1,,,E
ITE00100554,18001226,TMAX,3.8,,,E
ITE00100554,18001226,TMIN,2.5,,,E
GM000010962,18001226,PRCP,0,,,E
EZE00100082,18001226,TMAX,3.6,,,E
EZE00100082,18001226,TMIN,0.8,,,E
ITE00100554,18001227,TMAX,1,,I,E
ITE00100554,18001227,TMIN,0.9,,,E
GM000010962,18001227,PRCP,0,,,E
EZE00100082,18001227,TMAX,4.7,,,E
EZE00100082,18001227,TMIN,2,,,E
ITE00100554,18001228,TMAX,3.5,,,E
ITE00100554,18001228,TMIN,2.5,,,E
GM000010962,18001228,PRCP,0.7,,,E
EZE00100082,18001228,TMAX,4.3,,,E
EZE00100082,18001228,TMIN,0.7,,,E
ITE00100554,18001229,TMAX,5,,,E
ITE00100554,18001229,TMIN,1.6,,,E
GM000010962,18001229,PRCP,0.9,,,E
EZE00100082,18001229,TMAX,4.5,,,E
EZE00100082,18001229,TMIN,-0.3,,,E
ITE00100554,18001230,TMAX,5,,,E
ITE00100554,18001230,TMIN,3.1,,,E
GM000010962,18001230,PRCP,1.3,,,E
EZE00100082,18001230,TMAX,9.6,,,E
EZE00100082,18001230,TMIN,1.4,,,E
ITE00100554,18001231,TMAX,5,,,E
ITE00100554,18001231,TMIN,2.5,,,E
GM000010962,18001231,PRCP,1.6,,,E
EZE00100082,18001231,TMAX,1.4,,,E
EZE00100082,18001231,TMIN,-0.4,,,E
